SNP.ID	Band	Allelesa	RAF	OR	Reference/PMID
rs56391074	1p22.3	A/AT	0.379	1.05	4
rs34579442	1q21.3	C/CT	0.336	1.07	4
rs74702681	2p14	T/C	0.022	1.15	4
rs62106670	2p25.1	T/C	0.379	1.05	4
rs11691517	2q13	T/G	0.741	1.05	4
rs34925593	2q31.1	C/T	0.481	1.06	4
rs59308963	2q33.1	T/TATTCTGTC	0.729	1.05	4
rs1283104	3q13.12	G/C	0.379	1.04	4
rs182314334	3q25.1	T/C	0.895	1.1	4
rs142436749	3q26.2	G/A	0.012	1.23	4
rs10793821	5q31.1	T/C	0.573	1.05	4
rs76551843	5q35.1	A/G	0.991	1.33	4
rs4976790	5q35.3	T/G	0.113	1.09	4
rs4711748	6p21.1	T/C	0.225	1.05	4
rs9469899	6p21.31	A/G	0.357	1.05	4
rs9296068	6p21.32	T/G	0.651	1.05	4
rs12665339	6p21.33	G/A	0.167	1.06	4
rs17621345	7p14.1	A/C	0.741	1.07	4
rs11452686	7p21.1	T/TA	0.558	1.04	4
rs527510716	7p22.3	C/G	0.241	1.07	4
rs10122495	9p13.3	T/A	0.29	1.05	4
rs1048169	9p22.1	C/T	0.379	1.07	4
rs1182	9q34.11	A/C	0.22	1.07	4
rs141536087	10p15.3	GCGCA/G	0.15	1.1	4
rs1935581	10q23.31	C/T	0.623	1.06	4
rs7094871	10q25.2	G/C	0.537	1.04	4
rs547171081	11p11.2	CGG/C	0.47	1.05	4
rs1881502	11p15.5	T/C	0.19	1.06	4
rs61890184	11p15.4	A/G	0.124	1.08	4
rs2277283	11q12.3	C/T	0.313	1.06	4
rs12785905	11q13.2	C/G	0.048	1.09	4
rs11290954	11q13.5	AC/A	0.676	1.07	4
rs1800057	11q22.3	G/C	0.025	1.13	4
rs138466039	11q24.2	T/C	0.01	1.28	4
rs878987	11q25	G/A	0.146	1.07	4
rs2066827	12p13.1	T/G	0.755	1.07	4
rs10845938	12p13.1	G/A	0.551	1.06	4
rs7968403	12q14.2	T/C	0.643	1.07	4
rs5799921	12q21.33	GA/G	0.699	1.08	4
rs7295014	12q24.33	G/A	0.34	1.06	4
rs1004030	14q11.2	T/C	0.59	1.04	4
rs11629412	14q13.3	C/G	0.578	1.06	4
rs4924487	15q15.1	C/G	0.84	1.06	4
rs33984059	15q21.3	A/G	0.978	1.2	4
rs112293876	15q22.31	C/CA	0.289	1.07	4
rs11863709	16q21	C/T	0.96	1.17	4
rs201158093	16q23.3	TAA/TA	0.44	1.05	4
rs28441558	17p13.1	C/T	0.056	1.14	4
rs142444269	17q11.2	C/T	0.788	1.08	4
rs2680708	17q22	G/A	0.605	1.04	4
rs8093601	18q21.2	C/G	0.44	1.04	4
rs28607662	18q21.2	C/T	0.096	1.07	4
rs12956892	18q21.32	T/G	0.3	1.05	4
rs533722308	18q21.33	CT/C	0.412	1.05	4
rs10460109	18q22.3	T/C	0.42	1.04	4
rs11666569	19p13.11	C/T	0.711	1.06	4
rs118005503	19q12	G/C	0.911	1.11	4
rs61088131	19q13.2	T/C	0.835	1.05	4
rs11480453	20q11.21	C/CA	0.602	1.05	4
rs6091758	20q13.2	G/A	0.464	1.09	4
rs9625483	22q12.1	A/G	0.027	1.17	4
rs17321482	23p22.2	C/T	0.866	1.07	4
rs138004030	6q27	G/A	0.92	1.28	4
rs636291	1	A	0.683	1.04	25217961
rs17599629	1	G	0.218	1.07	25217961
rs1218582	1	G	0.4467	1.05	23535732
rs4245739	1	A	0.738	1.1	20197460, 23535732
rs11902236	2	T	0.269	1.05	23535732
rs9287719	2	C	0.467	1.07	25217961
rs9306895	2	C	0.364	1.08	26025378
rs1465618	2	T	0.2141	1.09	19767753
rs721048	2	A	0.1822	1.1	18264098
rs10187424	2	T	0.5738	1.08	21743467
rs12621278	2	A	0.9414	1.27	19767753
rs2292884	2	G	0.2413	1.06	21743057
rs3771570	2	T	0.1495	1.09	23535732
rs2660753	3	T	0.1028	1.13	18264097
rs7611694	3	A	0.579	1.09	23535732
rs10934853	3	A	0.277	1.1	19767754
rs6763931	3	A	0.442	1.04	21743467
rs10936632	3	A	0.5074	1.1	21743467
rs10009409	4	T	0.311	1.06	25217961
rs1894292	4	G	0.515	1.06	23535732
rs12500426	4	A	0.4632	1.07	19767753
rs17021918	4	C	0.6507	1.09	19767753
rs7679673	4	C	0.592	1.13	19767753
rs2242652	5	G	0.794	1.17	21743467
rs2121875	5	C	0.33	1.05	21743467
rs6869841	5	T	0.209	1.04	23535732
rs4713266	6	C	0.517	1.05	25217961
rs7767188	6	A	0.21	1.06	25217961
rs130067	6	G	0.2021	1.05	21743467
rs3096702	6	A	0.3771	1.06	23535732
rs3129859	6	G	0.67	1.06	25217961
rs2273669	6	G	0.1462	1.07	23535732
rs1933488	6	A	0.5788	1.08	23535732
rs9364554	6	T	0.2826	1.11	18264097
rs12155172	7	A	0.22	1.1	23535732
rs10486567	7	G	0.763	1.14	18264096
rs56232506	7	A	0.451	1.06	25217961
rs6465657	7	C	0.4635	1.11	18264097
rs2928679	8	A	0.437	1.05	19767753
rs11135910	8	T	0.1529	1.08	23535732
rs12543663	8	C	0.295	1.12	19767752
rs10086908	8	T	0.697	1.13	19767752
rs183373024	8	G	0.007	2.91	23104005
rs16901979	8	A	0.032	1.56	17401366
rs620861	8	G	0.631	1.15	19767752
rs6983267	8	G	0.511	1.22	17401363
rs1447295	8	A	0.107	1.41	17401363, 17401366
rs17694493	9	G	0.136	1.08	25217961
rs1571801	9	T	0.268	1.03	18073375
rs76934034	10	T	0.917	1.12	25217961
rs10993994	10	T	0.383	1.23	18264096, 18264097
rs3850699	10	A	0.7	1.07	23535732
rs4962416	10	C	0.2668	1.06	18264096
rs7127900	11	A	0.1985	1.19	19767753
rs7931342	11	G	0.504	1.17	18264097
rs11568818	11	T	0.55	1.08	23535732
rs11214775	11	G	0.709	1.07	25217961
rs80130819	12	A	0.908	1.1	25217961
rs10875943	12	C	0.287	1.07	21743467
rs902774	12	A	0.1526	1.13	21743057
rs1270884	12	A	0.482	1.07	23535732
rs8008270	14	C	0.8139	1.09	23535732
rs7141529	14	C	0.499	1.05	23535732
rs8014671	14	G	0.58	1.05	25217961
rs684232	17	C	0.3534	1.09	23535732
rs11649743	17	G	0.8055	1.13	18758462
rs4430796	17	A	0.5253	1.22	17603485
rs138213197	17	T	0.002	3.85	22236224
rs11650494	17	A	0.0779	1.1	23535732
rs1859962	17	G	0.4813	1.17	17603485
rs7241993	18	C	0.6949	1.08	23535732
rs8102476	19	C	0.5393	1.09	19767754
rs11672691	19	G	0.7368	1.1	19318570, 23065704
rs2735839	19	G	0.8527	1.18	18264097
rs2427345	20	C	0.621	1.05	23535732
rs6062509	20	T	0.6983	1.08	23535732
rs58133635	22	T	0.197	1.07	19117981, 25217961
rs5759167	22	G	0.502	1.15	19767753
rs2405942	23	A	0.7833	1.05	23535732
rs5945619	23	C	0.364	1.11	18264097
rs2807031	23	C	0.182	1.06	25217961
rs5919432	23	T	0.8008	1.04	21743467
rs6625711	23	A	0.1763	1.01	25217961
rs4844289	23	G	0.384	1.04	25217961
rs2055109	3	T	0.7643	1.02	22366784
rs12653946	5	T	0.4246	1.08	20676098
rs1983891	6	T	0.2773	1.09	20676098
rs339331	6	T	0.695	1.09	20676098
rs1512268	8	T	0.4296	1.14	20676098
rs817826	9	T	0.8552	1	23023329
rs2252004	10	A	0.1017	1	22366784
rs12791447	11	G	0.0747	1.05	26443449
rs1938781	11	G	0.2297	1.03	22366784
rs9600079	13	T	0.443	1.01	20676098
rs58262369	14	C	0.998	1.27	26443449
rs7210100	17	A	0.0001	1.34	21602798
rs103294	19	C	0.7812	1	23023329
rs75823044	13	T	0.022	1.55	Reference (22)
rs78554043	22	C	0.015	1.62	Reference (22)
rs1775148	1	C	0.359	1.04	25217961
rs9443189	6	A	0.857	1.07	25217961
rs7153648	14	C	0.082	1.03	25217961
rs12051443	16	A	0.344	1.03	25217961
rs12480328	20	T	0.928	1.11	25217961
rs1041449	21	G	0.433	1.05	25217961
rs2238776	22	G	0.802	1.05	25217961