								Risk Allele Frequency¥				OR (95% CI), P value																UK Biobank — European Ancestry				
rs*	Chromosome	Position	Known/Novel	800 kb from known risk region	Lead Variant Updated†	Risk Allele	Reference Allele	European	African	East Asian	Hispanic	Multiethnic Analysis			European			African			East Asian			Hispanic				OR (95% CI), P value			Risk Allele Frequency	Info Score
rs7542260	1	5743196	Known		Not replaced	T	C	0.067	0.439	0.113	0.157	1	(0.98 - 1.02)	0.9977	0.98	(0.94 - 1.01)	0.1513	0.98	(0.94 - 1.02)	0.2937	1.15	(1.08 - 1.22)	1.52E-05	0.99	(0.89 - 1.11)	0.9181		1.08	(1.01 - 1.16)	2.95E-02	0.053	0.979
rs2847344	1	10564675	Known		New lead variant	A	G	0.692	0.703	0.69	0.54	1.04	(1.03 - 1.06)	1.26E-08	1.04	(1.03 - 1.06)	8.44E-08	1.03	(0.98 - 1.07)	0.2419	1.03	(0.99 - 1.08)	0.1215	1.03	(0.96 - 1.11)	0.4233		1.02	(0.98 - 1.06)	2.88E-01	0.679	0.994
rs10803412	1	16376831	Novel		-	C	T	0.176	0.594	0.021	0.126	1.05	(1.03 - 1.07)	5.75E-09	1.05	(1.03 - 1.07)	1.27E-07	1.06	(1.01 - 1.10)	0.01083	1.13	(0.98 - 1.30)	0.09117	0.95	(0.85 - 1.07)	0.4124		1.02	(0.98 - 1.07)	2.86E-01	0.177	0.996
rs544780844	1	46251655	Novel		-	T	C	0.188	0.098	0.015	0.1	1.07	(1.04 - 1.09)	2.32E-10	1.06	(1.04 - 1.08)	2.75E-08	1.1	(1.03 - 1.19)	0.008518	1.06	(0.72 - 1.55)	0.774	1.16	(1.01 - 1.32)	0.03085		1.02	(0.98 - 1.07)	3.86E-01	0.194	0.885
rs56391074	1	88210715	Known		Not replaced	AT	A	0.37	0.722	0.751	0.5	1.05	(1.03 - 1.06)	5.40E-10	1.05	(1.03 - 1.06)	9.35E-09	1.07	(1.02 - 1.12)	0.006933	0.99	(0.90 - 1.09)	0.8894	1.02	(0.95 - 1.10)	0.6063		1.08	(1.04 - 1.12)	1.10E-05	0.379	0.992
rs1811698	1	150772613	Known		Not replaced	C	T	0.895	0.448	0.81	0.887	1.08	(1.06 - 1.10)	3.35E-14	1.09	(1.06 - 1.11)	9.33E-11	1.04	(1.00 - 1.09)	0.05146766	1.09	(1.04 - 1.15)	0.00038848	1.07	(0.96 - 1.20)	0.23905108		1.08	(1.02 - 1.15)	9.91E-03	0.906	0.999
rs607518	1	150954671	Known		New lead variant	A	G	0.209	0.068	0.042	0.116	1.06	(1.04 - 1.08)	7.73E-12	1.07	(1.05 - 1.09)	5.51E-12	1.11	(1.02 - 1.21)	0.01320428	0.96	(0.88 - 1.04)	0.30051238	1.01	(0.9 - 1.13)	0.85155205		1.08	(1.04 - 1.12)	2.09E-04	0.218	0.999
rs10127983	1	153923276	Known		New lead variant	T	C	0.312	0.223	0.29	0.399	1.07	(1.05 - 1.08)	9.81E-20	1.07	(1.05 - 1.09)	1.38E-16	1.05	(1.00 - 1.10)	0.04395	1.07	(1.03 - 1.12)	0.0006503	1.02	(0.95 - 1.10)	0.5698		1.04	(1.01 - 1.08)	2.55E-02	0.298	0.998
rs56103503	1	154980351	Known		Not replaced	T	C	0.386	0.086	0.885	0.49	1.06	(1.04 - 1.07)	2.47E-14	1.06	(1.04 - 1.07)	2.87E-12	1.07	(0.99 - 1.16)	0.08513613	1.06	(1.00 - 1.12)	0.04916549	1.06	(0.99 - 1.14)	0.10222504		1.07	(1.03 - 1.11)	1.16E-04	0.384	0.964
rs147847496	1	155118588	Novel	x	-	C	T	0.968	0.994	1	0.984	1.17	(1.11 - 1.22)	4.90E-11	1.17	(1.12 - 1.22)	3.15E-11	NA	(NA - NA)	NA	NA	(NA - NA)	NA	1.03	(0.77 - 1.38)	0.84311351		1.08	(0.97 - 1.20)	1.43E-01	0.971	0.96
rs184104770	1	155690186	Novel	x	-	A	C	0.019	0.004	0	0.006	1.17	(1.11 - 1.24)	3.72E-08	1.17	(1.11 - 1.24)	3.72E-08	NA	(NA - NA)	NA	NA	(NA - NA)	NA	NA	(NA - NA)	NA		1.07	(0.95 - 1.20)	2.61E-01	0.022	0.936
rs80237341	1	157119915	Novel		-	C	G	0.018	0.007	0.103	0.073	1.15	(1.10 - 1.19)	1.23E-11	1.14	(1.07 - 1.21)	1.14E-05	NA	(NA - NA)	NULL	1.17	(1.10 - 1.23)	2.37E-07	1.08	(0.92 - 1.27)	0.34		1.01	(0.89 - 1.16)	8.28E-01	0.016	0.979
rs6660538	1	163295678	Novel		-	A	C	0.363	0.474	0.606	0.415	1.04	(1.03 - 1.06)	8.82E-09	1.03	(1.02 - 1.05)	4.35E-05	1.06	(1.02 - 1.10)	0.003148	1.07	(1.03 - 1.11)	0.0006632	1.01	(0.94 - 1.09)	0.7511		1.04	(1.00 - 1.07)	4.51E-02	0.379	1
rs4075646	1	167135941	Novel		-	T	A	0.043	0.147	0.573	0.047	1.07	(1.04 - 1.09)	3.22E-08	1.06	(1.02 - 1.10)	0.003086	1.07	(1.02 - 1.14)	0.01138	1.07	(1.03 - 1.11)	0.0002042	1.15	(0.97 - 1.36)	0.1016		1.04	(0.95 - 1.14)	3.87E-01	0.036	0.979
rs507603	1	179897070	Novel		-	A	C	0.159	0.314	0.234	0.123	1.05	(1.03 - 1.07)	2.05E-08	1.04	(1.02 - 1.06)	5.07E-05	1.04	(1.00 - 1.09)	0.05453	1.1	(1.05 - 1.14)	2.70E-05	0.97	(0.86 - 1.08)	0.5703		1.02	(0.97 - 1.06)	4.25E-01	0.164	1
rs34295433	1	183032447	Novel		-	CTAAG	C	0.536	0.367	0.608	0.62	1.04	(1.03 - 1.05)	1.08E-08	1.04	(1.03 - 1.06)	9.53E-08	1.03	(0.98 - 1.07)	0.2078	1.06	(0.97 - 1.15)	0.2355	1.05	(0.97 - 1.14)	0.1944		1.02	(0.99 - 1.06)	2.33E-01	0.55	0.994
rs138638958	1	204030362	Novel	x	-	TTTTG	T	0.54	0.691	0.61	0.548	1.05	(1.03 - 1.06)	1.62E-10	1.05	(1.03 - 1.06)	3.99E-09	1.03	(0.99 - 1.08)	0.14295421	1.08	(1.00 - 1.18)	0.06118588	1.04	(0.97 - 1.12)	0.31080556		1.05	(1.02 - 1.09)	2.42E-03	0.535	0.99
rs4245739	1	204518842	Known		New lead variant	A	C	0.739	0.761	0.958	0.735	1.09	(1.08 - 1.11)	1.96E-29	1.1	(1.08 - 1.11)	2.43E-25	1.04	(0.99 - 1.09)	0.0965685	1.14	(1.04 - 1.25)	0.00489558	1.18	(1.08 - 1.28)	0.00013332		1.11	(1.07 - 1.16)	2.12E-08	0.725	1
rs708723	1	205739266	Known		New lead variant	C	T	0.439	0.744	0.466	0.587	1.05	(1.04 - 1.06)	5.38E-14	1.04	(1.03 - 1.06)	1.03E-08	1.08	(1.03 - 1.13)	0.002036	1.07	(1.03 - 1.11)	0.0001775	1.08	(0.99 - 1.16)	0.06856		1.08	(1.04 - 1.11)	1.20E-05	0.453	1
rs11686272	2	8598444	Known		New lead variant	T	G	0.44	0.221	0.149	0.52	1.04	(1.03 - 1.06)	6.80E-09	1.05	(1.03 - 1.06)	2.23E-08	1.01	(0.96 - 1.06)	0.726	1.03	(0.98 - 1.08)	0.2654	1.08	(1.00 - 1.17)	0.05619		1.05	(1.02 - 1.09)	1.78E-03	0.449	0.983
rs73913932	2	10094526	Known		New lead variant	G	A	0.07	0.184	0.003	0.069	1.08	(1.05 - 1.11)	6.26E-10	1.09	(1.06 - 1.12)	1.53E-08	1.06	(1.01 - 1.11)	0.02608435	NA	(NA - NA)	NA	1.09	(0.95 - 1.24)	0.20456686		1.14	(1.07 - 1.21)	2.52E-05	0.074	0.999
rs1990613	2	10781975	Known		New lead variant	T	C	0.504	0.469	0.391	0.487	1.06	(1.05 - 1.07)	5.03E-19	1.07	(1.05 - 1.09)	2.18E-18	1.04	(1.00 - 1.08)	0.05742189	1.05	(1.01 - 1.09)	0.00637266	0.96	(0.90 - 1.04)	0.317761		1.06	(1.02 - 1.09)	9.75E-04	0.517	0.996
rs7602028	2	16016503	Novel		-	C	A	0.711	0.804	0.398	0.534	1.06	(1.04 - 1.07)	1.33E-13	1.05	(1.03 - 1.07)	2.15E-08	1.06	(1.00 - 1.11)	0.0335	1.1	(1.06 - 1.15)	5.80E-07	1.01	(0.93 - 1.09)	0.8014		1.03	(0.99 - 1.07)	1.64E-01	0.734	0.991
rs9306894	2	20878105	Known		New lead variant	G	A	0.363	0.115	0.515	0.311	1.09	(1.07 - 1.10)	9.25E-33	1.08	(1.06 - 1.09)	1.21E-21	1.1	(1.03 - 1.17)	0.002737	1.13	(1.09 - 1.18)	1.15E-10	1.11	(1.02 - 1.20)	0.01475		1.08	(1.04 - 1.12)	1.72E-05	0.357	1
rs6738169	2	43064555	Novel	x	-	C	G	0.703	0.804	0.43	0.768	1.04	(1.03 - 1.06)	6.08E-09	1.04	(1.03 - 1.06)	3.04E-07	1.07	(1.01 - 1.12)	0.01546284	1.03	(0.99 - 1.06)	0.14819507	1.05	(0.96 - 1.14)	0.27324789		1.08	(1.04 - 1.12)	4.55E-05	0.718	0.986
rs7591218	2	43637998	Known		Not replaced	A	G	0.315	0.325	0.661	0.546	1.07	(1.05 - 1.08)	2.32E-19	1.07	(1.05 - 1.09)	2.52E-14	1.01	(0.97 - 1.05)	0.71391357	1.13	(1.08 - 1.18)	3.54E-09	1.05	(0.97 - 1.14)	0.22842971		1.09	(1.05 - 1.13)	5.56E-06	0.299	0.997
rs28514770	2	43851282	Novel	x	-	C	G	0.71	0.428	0.876	0.773	1.05	(1.03 - 1.06)	2.60E-09	1.05	(1.03 - 1.06)	6.25E-07	1.04	(0.99 - 1.08)	0.09236771	1.12	(1.04 - 1.20)	0.00192859	1.05	(0.96 - 1.15)	0.27259337		1.02	(0.98 - 1.06)	4.45E-01	0.715	0.971
rs11125927	2	62752975	Known		Not replaced	G	A	0.111	0.163	0.246	0.219	1.09	(1.07 - 1.11)	6.34E-20	1.07	(1.04 - 1.09)	5.02E-08	1.12	(1.06 - 1.18)	4.44E-05	1.15	(1.11 - 1.20)	5.01E-12	1.08	(0.98 - 1.18)	0.11651392		1.08	(1.03 - 1.14)	2.80E-03	0.112	0.988
rs58235267	2	63277843	Known		Not replaced	G	C	0.47	0.447	0.691	0.536	1.12	(1.10 - 1.13)	6.50E-62	1.12	(1.10 - 1.14)	2.55E-48	1.12	(1.08 - 1.17)	3.22E-08	1.1	(1.06 - 1.15)	2.81E-06	1.14	(1.05 - 1.23)	0.00102721		1.13	(1.09 - 1.17)	3.21E-12	0.488	0.983
rs139283528	2	63938756	Novel	x	-	G	A	0.986	0.996	1	0.994	1.28	(1.20 - 1.36)	1.68E-13	1.28	(1.20 - 1.36)	1.68E-13	NA	(NA - NA)	NA	NA	(NA - NA)	NA	NA	(NA - NA)	NA		1.19	(1.03 - 1.37)	2.13E-02	0.985	0.993
rs74702681	2	66652885	Known		Not replaced	T	C	0.022	0.004	0.003	0.009	1.17	(1.12 - 1.23)	1.42E-10	1.17	(1.12 - 1.23)	9.89E-11	NA	(NA - NA)	NULL	NA	(NA - NA)	NULL	0.77	(0.36 - 1.68)	0.5147		1.16	(1.05 - 1.29)	5.34E-03	0.023	0.99
rs2028900	2	85767735	Known		Not replaced	C	T	0.558	0.321	0.628	0.644	1.09	(1.07 - 1.10)	2.75E-38	1.09	(1.07 - 1.10)	3.88E-28	1.09	(1.05 - 1.14)	2.59E-05	1.09	(1.05 - 1.14)	5.32E-06	1.12	(1.04 - 1.22)	0.004704		1.09	(1.06 - 1.13)	1.62E-07	0.55	0.999
rs2165108	2	111861993	Novel	x	-	A	T	0.044	0.143	0.243	0.057	1.08	(1.05 - 1.11)	3.08E-10	1.1	(1.06 - 1.14)	1.02E-07	1.09	(1.04 - 1.16)	0.00149385	1.03	(0.99 - 1.08)	0.09535185	1.16	(1.01 - 1.34)	0.03821924		1	(0.93 - 1.08)	9.55E-01	0.05	0.98
rs11691517	2	111893096	Known		Not replaced	T	G	0.742	0.807	0.798	0.842	1.05	(1.04 - 1.07)	1.29E-11	1.06	(1.04 - 1.08)	3.24E-11	1.01	(0.96 - 1.06)	0.80966878	1.06	(1.01 - 1.11)	0.02080186	1.01	(0.92 - 1.12)	0.77887941		1.06	(1.02 - 1.10)	2.61E-03	0.749	0.994
rs111595856	2	121103598	Novel		-	T	C	0.07	0.405	0.192	0.09	1.08	(1.06 - 1.11)	1.50E-15	1.09	(1.05 - 1.12)	1.93E-07	1.06	(1.01 - 1.10)	0.01313474	1.11	(1.07 - 1.15)	5.78E-09	1.07	(0.97 - 1.18)	0.15195093		1.1	(1.03 - 1.18)	3.57E-03	0.068	0.932
rs10206072	2	121373466	Novel		-	G	A	0.891	0.796	0.634	0.81	1.06	(1.04 - 1.08)	3.90E-09	1.05	(1.03 - 1.08)	5.79E-05	1.1	(1.04 - 1.15)	0.00017792	1.05	(1.01 - 1.08)	0.01639781	1.08	(0.98 - 1.19)	0.12386186		1.04	(0.98 - 1.10)	1.62E-01	0.895	0.992
rs16854905	2	169012955	Novel		-	C	T	0.899	0.742	0.764	0.832	1.06	(1.04 - 1.08)	5.41E-09	1.06	(1.03 - 1.08)	1.17E-05	1.05	(1.01 - 1.10)	0.02866	1.08	(1.03 - 1.13)	0.0005066	1	(0.90 - 1.11)	0.9812		1.01	(0.95 - 1.07)	7.62E-01	0.905	0.99
rs77167534	2	173319930	Known		Not replaced	C	T	0.941	0.987	0.767	0.92	1.24	(1.20 - 1.27)	1.00E-55	1.27	(1.23 - 1.31)	7.82E-46	1.28	(1.06 - 1.56)	0.01092	1.17	(1.11 - 1.22)	1.04E-10	1.21	(1.04 - 1.41)	0.0138		1.3	(1.21 - 1.41)	1.10E-11	0.938	0.998
rs34925593	2	174234547	Known		Not replaced	C	T	0.481	0.221	0.411	0.487	1.05	(1.04 - 1.07)	2.21E-14	1.05	(1.03 - 1.07)	8.94E-10	1.06	(1.01 - 1.11)	0.02211	1.08	(1.04 - 1.12)	0.0001344	1.06	(0.98 - 1.14)	0.1489		1.03	(1.00 - 1.07)	6.12E-02	0.481	1
rs1861270	2	202126615	Known		Not replaced	G	A	0.733	0.782	0.687	0.578	1.05	(1.03 - 1.06)	5.41E-11	1.05	(1.03 - 1.07)	2.81E-09	1.03	(0.98 - 1.08)	0.2764	1.06	(1.01 - 1.10)	0.008314	1.03	(0.95 - 1.11)	0.5108		1.07	(1.03 - 1.11)	9.31E-04	0.745	0.997
rs12621900	2	208118301	Novel		-	C	T	0.769	0.451	0.83	0.688	1.05	(1.03 - 1.06)	1.78E-09	1.05	(1.03 - 1.07)	3.45E-08	1.05	(1.01 - 1.09)	0.01884	1.02	(0.97 - 1.07)	0.44	1.04	(0.95 - 1.13)	0.3901		1.03	(0.99 - 1.07)	2.02E-01	0.775	0.981
rs74001374	2	238411293	Novel	x	-	C	T	0.993	0.714	0.947	0.95	1.13	(1.09 - 1.17)	2.78E-11	1.13	(1.02 - 1.25)	0.01852668	1.15	(1.10 - 1.20)	4.19E-09	1.06	(0.99 - 1.14)	0.08894374	1.18	(1.00 - 1.39)	0.04611488		0.9	(0.73 - 1.11)	3.38E-01	0.994	0.913
rs2292884	2	238443226	Known		New lead variant	G	A	0.241	0.562	0.267	0.284	1.06	(1.05 - 1.08)	5.84E-16	1.06	(1.04 - 1.08)	7.10E-12	1.06	(1.02 - 1.11)	0.00314127	1.07	(1.03 - 1.11)	0.00077229	1.02	(0.94 - 1.10)	0.69660947		1.07	(1.03 - 1.11)	3.01E-04	0.256	1
rs77559646	2	242135265	Known		Not replaced	A	G	0.023	0.004	0	0.007	1.33	(1.26 - 1.40)	1.22E-27	1.33	(1.26 - 1.40)	2.76E-27	NA	(NA - NA)	NA	NA	(NA - NA)	NA	1.38	(0.85 - 2.24)	0.1984549		1.29	(1.16 - 1.44)	4.13E-06	0.02	1
rs77482050	2	242139600	Known		Not replaced	G	A	0.987	0.999	1	0.995	1.43	(1.32 - 1.55)	7.06E-18	1.43	(1.32 - 1.55)	7.06E-18	NA	(NA - NA)	NA	NA	(NA - NA)	NA	NA	(NA - NA)	NA		1.38	(1.07 - 1.78)	1.38E-02	0.994	1
rs2074840	2	242141719	Novel	x	-	C	T	0.306	0.485	0.887	0.526	1.05	(1.04 - 1.07)	1.35E-11	1.05	(1.04 - 1.07)	4.52E-10	1.02	(0.98 - 1.06)	0.35519798	1.06	(1.00 - 1.12)	0.03775058	1.08	(1.00 - 1.16)	0.05024702		1.09	(1.05 - 1.13)	4.14E-06	0.303	0.994
rs76832527	2	242157241	Known		New lead variant	A	G	0.171	0.043	0.1	0.151	1.11	(1.09 - 1.13)	7.49E-28	1.12	(1.09 - 1.14)	6.04E-27	1.14	(1.03 - 1.26)	0.00946113	1.01	(0.96 - 1.07)	0.66298389	1.13	(1.03 - 1.24)	0.00978631		1.12	(1.07 - 1.17)	3.40E-07	0.188	0.961
rs6550597	3	18738940	Novel		-	A	G	0.713	0.726	0.531	0.699	1.05	(1.03 - 1.06)	8.43E-10	1.03	(1.02 - 1.05)	0.0001047	1.07	(1.02 - 1.12)	0.00336	1.08	(1.04 - 1.13)	3.55E-05	1.1	(1.01 - 1.19)	0.0317		1.06	(1.02 - 1.10)	2.72E-03	0.73	0.997
rs7618603	3	23153062	Novel		-	A	C	0.169	0.461	0.168	0.304	1.06	(1.04 - 1.08)	3.89E-12	1.06	(1.04 - 1.08)	3.08E-08	1.05	(1.01 - 1.09)	0.0224	1.1	(1.04 - 1.16)	0.0007492	1.08	(0.99 - 1.17)	0.08323		1.05	(1.01 - 1.10)	2.17E-02	0.177	0.987
rs34680713	3	49621718	Novel		-	A	AT	0.182	0.186	0.063	0.134	1.06	(1.04 - 1.08)	2.26E-10	1.06	(1.04 - 1.08)	1.73E-09	1.03	(0.97 - 1.09)	0.324	1.13	(0.82 - 1.57)	0.4589	1.16	(1.02 - 1.31)	0.02417		1.07	(1.02 - 1.11)	5.62E-03	0.182	0.887
rs13091518	3	70796696	Novel		-	T	C	0.584	0.559	0.741	0.714	1.04	(1.02 - 1.05)	2.76E-08	1.04	(1.03 - 1.06)	4.34E-08	1.03	(0.99 - 1.07)	0.2048	1.01	(0.97 - 1.06)	0.5826	1.04	(0.95 - 1.13)	0.3783		1.03	(0.99 - 1.06)	1.18E-01	0.592	0.969
rs143745027	3	87144017	Novel		-	G	A	0.064	0.057	0.131	0.101	1.17	(1.14 - 1.20)	2.63E-38	1.17	(1.13 - 1.20)	6.04E-24	1.08	(0.99 - 1.18)	0.07012025	1.2	(1.14 - 1.26)	3.00E-13	1.26	(1.12 - 1.42)	0.00014223		1.12	(1.05 - 1.19)	8.76E-04	0.068	0.974
rs7628934	3	87175984	Known		Not replaced	C	T	0.501	0.788	0.69	0.615	1.1	(1.08 - 1.11)	2.06E-41	1.1	(1.08 - 1.11)	2.88E-32	1.11	(1.05 - 1.17)	9.92E-05	1.1	(1.06 - 1.15)	8.82E-07	1.08	(1.00 - 1.16)	0.06327068		1.09	(1.05 - 1.13)	1.65E-06	0.5	1
rs114810266	3	87399362	Novel		-	A	G	0.977	0.959	0.995	0.986	1.17	(1.11 - 1.22)	7.50E-11	1.17	(1.11 - 1.23)	2.91E-09	1.17	(1.05 - 1.30)	0.00376307	NA	(NA - NA)	NA	1	(0.74 - 1.34)	0.97486093		1.05	(0.94 - 1.18)	4.08E-01	0.978	0.988
rs1283104	3	106962521	Known		Not replaced	G	C	0.377	0.485	0.418	0.491	1.05	(1.03 - 1.06)	2.87E-11	1.05	(1.03 - 1.07)	4.80E-10	1.03	(0.98 - 1.07)	0.23281087	1.04	(1.00 - 1.08)	0.02666971	1.03	(0.95 - 1.10)	0.47788732		1.03	(1.00 - 1.07)	8.43E-02	0.373	0.997
rs151038334	3	107193337	Novel	x	-	C	T	0.918	0.947	0.998	0.945	1.08	(1.05 - 1.11)	1.72E-08	1.08	(1.05 - 1.11)	4.93E-07	1.13	(1.03 - 1.23)	0.00784622	NA	(NA - NA)	NA	1.08	(0.92 - 1.27)	0.34371719		1.05	(0.98 - 1.12)	1.65E-01	0.924	0.996
rs2271494	3	113300183	Known		Not replaced	A	T	0.566	0.486	0.209	0.634	1.08	(1.07 - 1.10)	2.32E-31	1.09	(1.07 - 1.10	2.51E-29	1.04	(1.00 - 1.08)	0.0795	1.09	(1.04 - 1.14)	0.0007965	1.03	(0.96 - 1.12)	0.4085		1.1	(1.06 - 1.14)	2.98E-08	0.582	0.997
rs2811476	3	127898501	Known		Not replaced	C	A	0.266	0.316	0.115	0.287	1.1	(1.09 - 1.12)	4.44E-39	1.11	(1.09 - 1.12)	4.43E-32	1.07	(1.03 - 1.12)	0.00097029	1.14	(1.08 - 1.20)	4.86E-07	1.04	(0.96 - 1.12)	0.3350373		1.09	(1.05 - 1.13)	6.50E-06	0.263	0.999
rs35006112	3	128213994	Novel	x	-	G	A	0.84	0.826	0.631	0.744	1.08	(1.06 - 1.10)	3.56E-21	1.07	(1.05 - 1.09)	3.53E-10	1.09	(1.04 - 1.15)	0.00084823	1.13	(1.09 - 1.18)	4.05E-11	1.08	(0.99 - 1.17)	0.080397		1.06	(1.01 - 1.11)	2.57E-02	0.854	0.998
rs1457063	3	137562823	Novel		-	A	G	0.616	0.253	0.7	0.544	1.04	(1.03 - 1.06)	1.12E-09	1.04	(1.02 - 1.06)	1.61E-06	1.07	(1.02 - 1.12)	0.004795	1.06	(1.02 - 1.11)	0.005394	1.03	(0.95 - 1.11)	0.5276		1.05	(1.02 - 1.09)	4.03E-03	0.622	0.999
rs7650602	3	141147414	Known		New lead variant	C	T	0.446	0.688	0.331	0.433	1.05	(1.04 - 1.06)	4.87E-13	1.05	(1.03 - 1.06)	3.62E-10	1.05	(1.00 - 1.09)	0.04635	1.08	(1.04 - 1.12)	0.0001494	0.97	(0.90 - 1.05)	0.4131		1.07	(1.03 - 1.10)	1.05E-04	0.449	0.985
rs145053401	3	152011745	Known		Not replaced	C	CAT	0.895	0.912	0.996	0.932	1.09	(1.06 - 1.11)	8.96E-13	1.09	(1.06 - 1.11)	4.29E-11	1.12	(1.04 - 1.20)	0.003907	NA	(NA - NA)	NULL	1.02	(0.88 - 1.19)	0.7774		1.05	(0.99 - 1.11)	9.58E-02	0.897	0.984
rs2293607	3	169482335	Known		New lead variant	T	C	0.749	0.929	0.412	0.601	1.06	(1.04 - 1.08)	1.71E-13	1.06	(1.04 - 1.08)	1.86E-10	1.16	(1.07 - 1.26)	0.00057537	1.05	(1.01 - 1.09)	0.00843375	1.03	(0.96 - 1.11)	0.41365472		1.06	(1.02 - 1.11)	1.97E-03	0.755	0.999
rs78416326	3	170074517	Known		Not replaced	G	C	0.793	0.958	0.781	0.765	1.21	(1.18 - 1.23)	4.94E-99	1.21	(1.19 - 1.23)	7.65E-82	1.14	(1.02 - 1.27)	0.02625183	1.16	(1.11 - 1.21)	2.91E-11	1.28	(1.18 - 1.38)	1.52E-09		1.23	(1.18 - 1.29)	4.77E-20	0.8	0.99
rs577952184	3	170083540	Known		Not replaced	C	CTTTTT	0.882	0.887	0.946	0.893	1.1	(1.08 - 1.12)	4.76E-18	1.1	(1.08 - 1.13)	4.02E-16	1.06	(0.99 - 1.13)	0.08263929	1.1	(0.92 - 1.31)	0.30230514	1.21	(1.07 - 1.36)	0.00207439		1.1	(1.04 - 1.16)	3.46E-04	0.879	0.981
rs11717887	3	172381777	Novel		-	C	T	0.366	0.298	0.336	0.37	1.04	(1.03 - 1.06)	3.45E-08	1.04	(1.03 - 1.06)	4.00E-07	1.09	(1.04 - 1.14)	0.000194	1.01	(0.97 - 1.05)	0.6325	0.95	(0.88 - 1.03)	0.2049		1.08	(1.05 - 1.12)	4.41E-06	0.373	0.995
rs17804499	4	74442349	Known		Not replaced	G	C	0.947	0.988	0.999	0.964	1.21	(1.17 - 1.26)	3.66E-26	1.23	(1.18 - 1.27)	8.48E-28	1.01	(0.84 - 1.23)	0.89744892	NA	(NA - NA)	NA	1	(0.84 - 1.18)	0.95370976		1.23	(1.14 - 1.33)	1.88E-07	0.941	1
rs13142786	4	74477135	Known		New lead variant	T	A	0.475	0.589	0.338	0.514	1.07	(1.06 - 1.08)	9.27E-24	1.08	(1.06 - 1.10)	1.17E-23	1.05	(1.01 - 1.09)	0.01693537	1.02	(0.99 - 1.06)	0.22452273	1.05	(0.97 - 1.13)	0.20807961		1.06	(1.02 - 1.09)	1.20E-03	0.486	0.995
rs6853490	4	95544718	Known		Not replaced	G	A	0.442	0.213	0.459	0.541	1.08	(1.06 - 1.09)	5.42E-29	1.08	(1.07 - 1.10)	1.36E-25	1.06	(1.01 - 1.11)	0.02109	1.06	(1.02 - 1.10)	0.003207	1.06	(0.98 - 1.15)	0.1362		1.13	(1.09 - 1.17)	2.80E-12	0.423	0.98
rs7679673	4	106061534	Known		Not replaced	C	A	0.592	0.383	0.199	0.471	1.1	(1.08 - 1.12)	2.74E-35	1.11	(1.09 - 1.12)	7.73E-30	1.09	(1.04 - 1.14)	0.00016731	1.07	(1.02 - 1.12)	0.00201853	1.07	(1.00 - 1.15)	0.06284426		1.1	(1.06 - 1.15)	1.12E-06	0.625	1
rs17035310	4	106064754	Novel	x	-	C	T	0.869	0.824	0.977	0.908	1.07	(1.05 - 1.09)	2.55E-09	1.07	(1.04 - 1.10)	3.07E-07	1.05	(0.99 - 1.11)	0.09736582	1.18	(1.05 - 1.32)	0.00467939	1.09	(0.96 - 1.24)	0.1957721		1.08	(1.01 - 1.14)	1.60E-02	0.875	0.993
rs77821238	4	140948835	Novel		-	C	T	0.835	0.896	0.929	0.895	1.05	(1.03 - 1.07)	4.02E-08	1.05	(1.03 - 1.08)	4.54E-07	1.03	(0.96 - 1.11)	0.3929	1.11	(1.03 - 1.21)	0.009799	1.01	(0.89 - 1.14)	0.8831		1.05	(1.01 - 1.10)	1.88E-02	0.825	0.991
rs72725734	4	146879237	Novel		-	G	A	0.158	0.255	0.319	0.165	1.05	(1.03 - 1.07)	1.03E-08	1.04	(1.02 - 1.06)	0.000268	1.05	(1.00 - 1.10)	0.04733	1.09	(1.05 - 1.14)	3.37E-05	1.12	(1.00 - 1.26)	0.04848		1.03	(0.98 - 1.08)	2.77E-01	0.146	0.968
rs147762399	4	152030340	Novel		-	T	C	0.035	0.092	0.153	0.029	1.08	(1.06 - 1.11)	3.92E-09	1.1	(1.06 - 1.14)	3.48E-06	1.07	(1.00 - 1.15)	0.03678905	1.07	(1.03 - 1.12)	0.00137486	0.96	(0.78 - 1.19)	0.70962463		1.03	(0.95 - 1.12)	4.47E-01	0.041	0.997
rs2242652	5	1280028	Known		New lead variant	G	A	0.793	0.858	0.81	0.851	1.14	(1.12 - 1.16)	8.18E-55	1.14	(1.12 - 1.17)	3.08E-36	1.14	(1.07 - 1.21)	1.40E-05	1.16	(1.12 - 1.21)	6.83E-15	1.15	(1.06 - 1.26)	0.00113445		1.15	(1.10- 1.20)	3.83E-09	0.806	0.978
rs71595003	5	1292118	Known		Not replaced	A	G	0.031	0.005	0	0.005	1.19	(1.14 - 1.24)	2.95E-14	1.19	(1.14 - 1.24)	2.68E-14	NA	(NA - NA)	NA	NA	(NA - NA)	NA	1.1	(0.60 - 1.99)	0.76049586		1.09	(0.99 - 1.20)	8.65E-02	0.029	1
rs2736098	5	1294086	Known		New lead variant	T	C	0.26	0.116	0.327	0.226	1.07	(1.06 - 1.09)	2.96E-18	1.08	(1.06 - 1.09)	4.10E-15	1.02	(0.96 - 1.09)	0.56744991	1.08	(1.03 - 1.13)	0.00047511	1.08	(1.00 - 1.16)	0.05543766		1.11	(1.07 - 1.15)	9.43E-08	0.28	0.989
rs4975758	5	1891174	Known		New lead variant	G	C	0.475	0.318	0.4	0.499	1.1	(1.09 - 1.12)	1.90E-48	1.08	(1.06 - 1.10)	7.88E-23	1.12	(1.07 - 1.17)	1.59E-07	1.23	(1.18 - 1.27)	9.50E-32	1.07	(1.00 - 1.15)	0.05704171		1.12	(1.09 - 1.16)	7.82E-12	0.462	0.977
rs71599622	5	14372362	Novel		-	T	TGA	0.302	0.459	0.428	0.312	1.05	(1.03 - 1.06)	3.61E-08	1.06	(1.04 - 1.08)	5.52E-10	1	(0.95 - 1.04)	0.8723	1.04	(0.94 - 1.14)	0.472	0.97	(0.89 - 1.07)	0.5738		0.99	(0.96 - 1.03)	6.87E-01	0.306	0.909
rs10941370	5	37833419	Novel		-	T	C	0.452	0.423	0.615	0.63	1.04	(1.02 - 1.05)	3.88E-08	1.03	(1.02 - 1.05)	1.08E-05	1.06	(1.01 - 1.10)	0.007193	1.04	(1.00 - 1.08)	0.03914	1.03	(0.95 - 1.11)	0.5331		1.04	(1.00 - 1.07)	3.34E-02	0.453	0.989
rs1482675	5	44368506	Known		New lead variant	T	C	0.311	0.361	0.315	0.531	1.04	(1.02 - 1.05)	3.54E-07	1.04	(1.02 - 1.06)	7.67E-07	1.02	(0.98 - 1.07)	0.263	1.02	(0.98 - 1.06)	0.2791	1.02	(0.95 - 1.10)	0.572		1.04	(1.00 - 1.08)	3.89E-02	0.309	0.999
rs9292122	5	56087910	Novel		-	A	G	0.712	0.593	0.255	0.475	1.04	(1.03 - 1.06)	5.27E-09	1.04	(1.02 - 1.06)	7.73E-07	1.07	(1.02 - 1.11)	0.001931	1.01	(0.96 - 1.06)	0.8519	1.09	(1.01 - 1.17)	0.03187		1.03	(0.99 - 1.07)	1.63E-01	0.725	0.996
rs10793821	5	133836209	Known		Not replaced	T	C	0.578	0.669	0.731	0.738	1.06	(1.04 - 1.07)	2.60E-17	1.06	(1.04 - 1.07)	2.26E-14	1.03	(0.99 - 1.08)	0.1408	1.04	(1.00 - 1.09)	0.06488	1.2	(1.10 - 1.31)	5.12E-05		1.06	(1.03 - 1.10)	2.99E-04	0.563	0.981
rs76551843	5	169172133	Known		Not replaced	A	G	0.991	0.998	1	0.999	1.31	(1.19 - 1.44)	1.75E-08	1.31	(1.19 - 1.44)	1.75E-08	NA	(NA - NA)	NULL	NA	(NA - NA)	NULL	NA	(NA - NA)	NULL		1.19	(0.98 - 1.46)	8.04E-02	0.992	0.954
rs9686557	5	172959030	Known		Not replaced	C	A	0.444	0.858	0.317	0.403	1.04	(1.02 - 1.05)	3.67E-07	1.05	(1.03 - 1.06)	4.69E-09	0.97	(0.92 - 1.03)	0.3337	0.99	(0.95 - 1.03)	0.6959	1.03	(0.95 - 1.11)	0.4392		1.06	(1.03 - 1.10)	6.04E-04	0.451	0.986
rs61739424	5	177683905	Known		New lead variant	G	A	0.958	0.98	0.904	0.879	1.11	(1.07 - 1.14)	1.28E-09	1.1	(1.06 - 1.15)	3.25E-06	1.17	(1.03 - 1.34)	0.01981521	1.1	(1.02 - 1.17)	0.00877485	1.14	(1.01 - 1.29)	0.03464653		1.08	(0.99 - 1.17)	8.31E-02	0.954	1
rs2672843	5	177891551	Novel	x	-	G	A	0.411	0.193	0.082	0.284	1.05	(1.03 - 1.06)	3.10E-11	1.05	(1.03 - 1.06)	3.06E-09	1.04	(0.99 - 1.09)	0.17030617	1.08	(1.02 - 1.15)	0.01151827	1.06	(0.98 - 1.14)	0.15960198		1.03	(0.99 - 1.06)	1.51E-01	0.409	0.987
rs2814811	6	1670985	Novel		-	A	G	0.403	0.613	0.288	0.56	1.04	(1.03 - 1.06)	2.37E-09	1.04	(1.03 - 1.06)	2.49E-07	1.04	(1.00 - 1.09)	0.05928	1.04	(1.00 - 1.08)	0.06757	1.08	(0.98 - 1.17)	0.1066		1.04	(1.01 - 1.08)	1.70E-02	0.411	0.993
rs2018336	6	11217897	Known		Not replaced	T	C	0.78	0.938	0.934	0.83	1.06	(1.05 - 1.08)	4.33E-13	1.07	(1.05 - 1.08)	1.51E-12	1.09	(1.00 - 1.19)	0.04296	0.99	(0.91 - 1.07)	0.8088	1.07	(0.96 - 1.18)	0.2156		1.08	(1.04 - 1.13)	1.21E-04	0.771	0.99
rs6927369	6	21330689	Novel		-	C	T	0.803	0.77	0.348	0.746	1.07	(1.05 - 1.08)	1.54E-16	1.05	(1.03 - 1.07)	1.41E-07	1.08	(1.03 - 1.13)	0.00133622	1.1	(1.06 - 1.14)	4.72E-07	1.19	(1.09 - 1.29)	8.92E-05		1.08	(1.03 - 1.13)	5.53E-04	0.806	1
rs4269363	6	21471490	Novel		-	G	A	0.568	0.204	0.292	0.495	1.04	(1.03 - 1.06)	3.25E-10	1.04	(1.02 - 1.05)	4.23E-06	1.08	(1.03 - 1.14)	0.00235907	1.08	(1.04 - 1.12)	4.55E-05	1.02	(0.95 - 1.09)	0.67685185		1.02	(0.98 - 1.05)	3.44E-01	0.58	0.962
rs12665509	6	21878849	Novel		-	A	C	0.453	0.487	0.309	0.544	1.04	(1.03 - 1.06)	3.21E-09	1.04	(1.03 - 1.06)	7.12E-08	1.05	(1.01 - 1.10)	0.01116785	1.03	(0.99 - 1.07)	0.16114697	1	(0.93 - 1.07)	0.95217216		1.03	(0.99 - 1.06)	1.21E-01	0.452	0.993
rs35159226	6	26649830	Novel		-	C	CT	0.259	0.301	0.29	0.248	1.04	(1.03 - 1.06)	4.41E-08	1.04	(1.03 - 1.06)	1.34E-06	1.05	(1.01 - 1.10)	0.02015	1.02	(0.92 - 1.12)	0.7404	1.06	(0.97 - 1.15)	0.2181		NA	NA	NA	NA	NA
rs62407547	6	30216712	Known		Not replaced	C	T	0.256	0.054	0.185	0.2	1.06	(1.00 - 1.12)	0.06174182	1.06	(1.01 - 1.12)	0.02683972	0.9	(0.79 - 1.01)	0.07397468	1.11	(0.91 - 1.37)	0.30753204	1.05	(0.91 - 1.20)	0.51399372		1.06	(1.02 - 1.10)	3.19E-03	0.244	0.999
rs9275160	6	32652620	Known		New lead variant	A	G	0.337	0.279	0.426	0.401	1.04	(1.03 - 1.06)	9.40E-08	1.04	(1.02 - 1.06)	4.25E-05	1.07	(1.02 - 1.12)	0.00464706	1.05	(0.98 - 1.14)	0.17356545	1.08	(1.01 - 1.15)	0.01792438		1.07	(1.04 - 1.11)	9.18E-05	0.343	0.997
rs9469899	6	34793124	Known		Not replaced	A	G	0.358	0.67	0.388	0.309	1.05	(1.03 - 1.06)	7.90E-11	1.05	(1.03 - 1.06)	1.64E-09	1.02	(0.98 - 1.07)	0.3487	1.06	(1.01 - 1.10)	0.008477	1.02	(0.94 - 1.10)	0.722		1.03	(1.00 - 1.07)	9.10E-02	0.359	0.995
rs4714485	6	41536587	Known		Not replaced	G	T	0.276	0.47	0.378	0.393	1.1	(1.08 - 1.11)	2.17E-41	1.09	(1.07 - 1.10)	6.86E-24	1.11	(1.06 - 1.15)	8.30E-07	1.15	(1.10 - 1.19)	2.62E-12	1.18	(1.09 - 1.27)	4.60E-05		1.12	(1.08 - 1.16)	2.39E-09	0.276	0.999
rs9472120	6	43709785	Known		New lead variant	C	T	0.491	0.556	0.605	0.441	1.04	(1.03 - 1.05)	2.90E-09	1.04	(1.03 - 1.06)	2.47E-08	1.04	(1.00 - 1.09)	0.03646	1.01	(0.98 - 1.05)	0.4766	1.03	(0.96 - 1.12)	0.3953		1.06	(1.02 - 1.09)	8.66E-04	0.475	0.999
rs9443189	6	76495882	Known		Not replaced	A	G	0.858	0.473	0.636	0.866	1.08	(1.06 - 1.09)	3.39E-17	1.07	(1.04 - 1.09)	7.11E-09	1.11	(1.06 - 1.15)	1.67E-06	1.09	(1.04 - 1.13)	3.81E-05	1.05	(0.94 - 1.17)	0.434		1.03	(0.98 - 1.08)	2.33E-01	0.855	0.995
rs2038542	6	109295293	Known		New lead variant	C	T	0.146	0.268	0.07	0.106	1.07	(1.05 - 1.09)	5.57E-13	1.08	(1.06 - 1.10)	5.49E-13	1.03	(0.98 - 1.08)	0.1981	1.05	(0.98 - 1.13)	0.1843	1.03	(0.91 - 1.16)	0.6772		1.11	(1.06 - 1.17)	3.36E-06	0.144	0.999
rs339351	6	117200434	Known		Not replaced	C	A	0.694	0.741	0.64	0.726	1.12	(1.10 - 1.13)	2.55E-53	1.09	(1.08 - 1.11)	2.48E-27	1.22	(1.16 - 1.28)	9.50E-17	1.22	(1.17 - 1.27)	8.13E-23	1	(0.92 - 1.08)	0.9352		1.1	(1.07 - 1.15)	9.81E-08	0.695	0.996
rs150184171	6	134292717	Novel		-	G	GTGTTGT	0.531	0.466	0.251	0.336	1.05	(1.03 - 1.06)	8.06E-10	1.05	(1.03 - 1.07)	4.61E-09	1.05	(1.01 - 1.10)	0.0121	1	(0.91 - 1.11)	0.9495	0.99	(0.91 - 1.07)	0.7929		NA	NA	NA	NA	NA
rs13215045	6	153447516	Known		New lead variant	C	T	0.684	0.539	0.373	0.706	1.07	(1.06 - 1.09)	1.05E-24	1.08	(1.06 - 1.09)	1.48E-19	1.07	(1.03 - 1.11)	0.00116	1.07	(1.03 - 1.11)	0.0006223	1.06	(0.97 - 1.15)	0.1974		1.05	(1.01 - 1.09)	6.34E-03	0.7	0.994
rs963800	6	160150279	Known		New lead variant	C	T	0.781	0.501	0.599	0.77	1.06	(1.05 - 1.08)	2.70E-16	1.06	(1.04 - 1.08)	1.91E-10	1.05	(1.00 - 1.09)	0.03184924	1.09	(1.05 - 1.13)	6.38E-06	1.08	(1.00 - 1.18)	0.0613118		1.01	(0.97 - 1.06)	5.20E-01	0.784	0.998
rs4646284	6	160581543	Known		Not replaced	TG	T	0.294	0.365	0.28	0.23	1.2	(1.18 - 1.22)	5.67E-121	1.22	(1.20 - 1.24)	2.03E-119	1.13	(1.08 - 1.18)	3.26E-08	1.13	(1.04 - 1.23)	0.00558855	1.15	(1.06 - 1.24)	0.00090716		1.22	(1.17 - 1.26)	9.84E-27	0.32	0.926
rs4513875	7	1928159	Known		New lead variant	T	C	0.382	0.125	0.407	0.437	1.04	(1.03 - 1.06)	1.19E-08	1.04	(1.03 - 1.06)	3.17E-07	1.07	(1.00 - 1.14)	0.03554	1.03	(0.99 - 1.07)	0.1977	1.06	(0.98 - 1.14)	0.173		1.03	(0.99 - 1.06)	1.40E-01	0.404	0.997
rs11452686	7	20414110	Known		Not replaced	T	TA	0.561	0.372	0.165	0.404	1.04	(1.03 - 1.06)	2.93E-09	1.05	(1.03 - 1.06)	1.71E-09	0.99	(0.95 - 1.03)	0.65394169	1.06	(0.96 - 1.17)	0.27305555	1.08	(1.00 - 1.16)	0.04600712		0.99	(0.96 - 1.03)	7.66E-01	0.58	0.933
rs9655205	7	20999211	Known		Not replaced	C	A	0.222	0.148	0.218	0.132	1.09	(1.07 - 1.11)	6.03E-28	1.1	(1.08 - 1.12)	1.99E-24	1.07	(1.01 - 1.13)	0.02284002	1.07	(1.03 - 1.12)	0.00181951	1.08	(0.98 - 1.18)	0.14480989		1.09	(1.05 - 1.14)	1.99E-05	0.22	0.955
rs35389879	7	21812043	Novel		-	T	G	0.415	0.111	0.026	0.216	1.04	(1.03 - 1.06)	1.29E-08	1.04	(1.03 - 1.06)	9.87E-08	1.01	(0.95 - 1.08)	0.7261	1.03	(0.93 - 1.14)	0.6013	1.13	(1.04 - 1.24)	0.005453		1.02	(0.98 - 1.05)	3.50E-01	0.413	0.991
rs6956484	7	27564862	Novel	x	-	A	C	0.615	0.488	0.064	0.462	1.06	(1.04 - 1.07)	7.06E-13	1.06	(1.04 - 1.07)	2.07E-10	1.04	(1.00 - 1.08)	0.07224384	1.14	(1.06 - 1.23)	0.00037954	1.04	(0.96 - 1.13)	0.33912646		1.03	(1.00 - 1.07)	8.17E-02	0.615	0.994
rs10486567	7	27976563	Known		Not replaced	G	A	0.763	0.709	0.126	0.521	1.12	(1.10 - 1.14)	1.78E-38	1.12	(1.10- 1.14)	6.88E-31	1.1	(1.06 - 1.15)	1.30E-05	1.1	(1.04 - 1.16)	0.00113293	1.11	(1.02 - 1.21)	0.01866363		1.14	(1.09 - 1.19)	1.05E-08	0.767	1
rs12701838	7	40877473	Known		Not replaced	A	G	0.73	0.891	0.959	0.774	1.07	(1.05 - 1.08)	2.48E-14	1.07	(1.05 - 1.09)	1.99E-14	0.98	(0.92 - 1.04)	0.4478	1.21	(1.07 - 1.36)	0.001816	1.05	(0.96 - 1.15)	0.3037		1.06	(1.02 - 1.10)	2.31E-03	0.731	0.982
rs834608	7	47451918	Known		New lead variant	A	T	0.576	0.625	0.674	0.585	1.05	(1.04 - 1.06)	6.63E-14	1.05	(1.04 - 1.07)	1.10E-11	1.04	(1.00 - 1.09)	0.0458	1.04	(1.00 - 1.09)	0.03459	1.05	(0.98 - 1.14)	0.1843		1.04	(1.00 - 1.07)	2.58E-02	0.575	0.993
rs6955627	7	92577760	Novel		-	C	T	0.914	0.56	0.723	0.775	1.06	(1.04 - 1.08)	3.87E-08	1.05	(1.03 - 1.08)	0.0001185	1.05	(1.01 - 1.09)	0.02809	1.07	(1.03 - 1.12)	0.0007682	1.03	(0.94 - 1.13)	0.5517		1.08	(1.02 - 1.15)	1.26E-02	0.922	1
rs4727386	7	97688440	Known		New lead variant	A	G	0.46	0.833	0.847	0.67	1.1	(1.08 - 1.11)	4.64E-42	1.11	(1.09 - 1.12)	6.50E-40	1.01	(0.95 - 1.08)	0.6813	1.09	(1.02 - 1.16)	0.006308	1.14	(1.05 - 1.23)	0.002662		1.12	(1.08 - 1.16)	7.48E-11	0.467	0.974
rs870167	8	8498803	Novel		-	G	A	0.072	0.104	0.312	0.264	1.07	(1.04 - 1.09)	1.83E-08	1.06	(1.03 - 1.09)	5.42E-05	1.07	(1.00 - 1.14)	0.05837	1.07	(1.02 - 1.11)	0.001867	1.07	(0.98 - 1.17)	0.1407		1.09	(1.02 - 1.16)	7.08E-03	0.071	0.985
rs2572375	8	11217455	Novel		-	C	T	0.704	0.931	0.994	0.86	1.05	(1.03 - 1.06)	3.80E-08	1.05	(1.03 - 1.06)	1.31E-07	1.02	(0.94 - 1.11)	0.5933	1.76	(0.70 - 4.46)	0.2317	1.09	(0.98 - 1.22)	0.1172		1.05	(1.01 - 1.09)	1.73E-02	0.717	0.961
rs6557704	8	23470785	Known		Not replaced	A	G	0.278	0.078	0.083	0.225	1.07	(1.06 - 1.09)	1.78E-18	1.07	(1.05 - 1.09)	5.12E-16	1.04	(0.96 - 1.12)	0.32324819	1.11	(1.04 - 1.19)	0.00197704	1.08	(0.99 - 1.17)	0.09286823		1.07	(1.03 - 1.11)	5.77E-04	0.301	0.999
rs1160267	8	23529521	Known		Not replaced	G	A	0.429	0.704	0.337	0.45	1.17	(1.15 - 1.18)	8.58E-123	1.15	(1.14 - 1.17)	1.03E-75	1.18	(1.13 - 1.23)	1.44E-12	1.27	(1.23 - 1.32)	2.10E-40	1.17	(1.08 - 1.25)	3.62E-05		1.15	(1.11 - 1.19)	1.25E-16	0.419	0.999
rs141811748	8	25894201	Known		New lead variant	C	CCAAA	0.143	0.099	0.028	0.164	1.08	(1.06 - 1.10)	6.16E-14	1.08	(1.06 - 1.10)	6.84E-13	1.05	(0.99 - 1.13)	0.12467648	1.13	(0.91 - 1.41)	0.28176248	1.07	(0.96 - 1.18)	0.21080574		1.11	(1.06 - 1.16)	7.23E-06	0.154	0.981
rs12677206	8	26063165	Novel	x	-	A	C	0.333	0.317	0.243	0.285	1.04	(1.03 - 1.06)	5.27E-10	1.04	(1.02 - 1.05)	1.21E-05	1.05	(1.00 - 1.09)	0.04086821	1.1	(1.06 - 1.14)	2.64E-06	1.04	(0.96 - 1.12)	0.37889509		1.06	(1.03 - 1.10)	6.16E-04	0.337	0.997
rs11467	8	38644914	Novel		-	A	G	0.628	0.539	0.929	0.76	1.04	(1.03 - 1.06)	3.93E-08	1.04	(1.03 - 1.06)	5.80E-07	1.07	(1.03 - 1.11)	0.001367	0.95	(0.86 - 1.04)	0.2728	0.99	(0.91 - 1.08)	0.8542		1.03	(1.00 - 1.07)	7.96E-02	0.619	0.987
rs73700335	8	108923107	Novel		-	G	A	0.837	0.938	0.972	0.888	1.05	(1.03 - 1.07)	4.50E-08	1.05	(1.03 - 1.07)	3.05E-07	1.09	(1.00 - 1.19)	0.04055	1.1	(0.96 - 1.25)	0.1575	0.97	(0.86 - 1.09)	0.6053		1.03	(0.98 - 1.07)	2.60E-01	0.842	0.999
rs57588856	8	127836925	Known		New lead variant	C	CAA	0.641	0.356	0.683	0.547	1.05	(1.03 - 1.07)	2.28E-07	1.06	(1.04 - 1.07)	2.98E-11	1.04	(1.00 - 1.08)	0.081857	0.89	(0.84 - 0.95)	0.00031101	1.01	(0.98 - 1.05)	0.47768229		1.04	(1.01 - 1.08)	1.79E-02	0.655	0.981
rs6984837	8	127901649	Known		New lead variant	G	A	0.319	0.09	0.198	0.369	1.09	(1.07 - 1.10)	7.03E-24	1.08	(1.06 - 1.10)	8.14E-17	1.11	(1.02 - 1.19)	0.01039447	1.14	(1.08 - 1.19)	1.28E-07	1.07	(0.98 - 1.16)	0.11092318		1.1	(1.06 - 1.14)	1.24E-06	0.334	0.994
rs7011138	8	127922200	Known		New lead variant	A	T	0.821	0.956	0.847	0.897	0.94	(0.92 - 0.96)	2.17E-08	0.96	(0.93 - 0.99)	0.00389435	0.93	(0.83 - 1.04)	0.18508225	0.82	(0.78 - 0.87)	1.29E-13	1.08	(0.97 - 1.20)	0.17778376		0.97	(0.91 - 1.02)	2.26E-01	0.829	0.989
rs7463326	8	128027954	Known		Not replaced	G	A	0.745	0.84	0.801	0.697	1.18	(1.16 - 1.20)	1.83E-82	1.17	(1.14 - 1.19)	5.62E-50	1.27	(1.20 - 1.35)	4.71E-15	1.27	(1.21 - 1.32)	4.19E-25	1.1	(1.00 - 1.21)	0.04137807		1.17	(1.12 - 1.23)	5.22E-11	0.755	0.991
rs72725854	8	128074815	Known		Not replaced	T	A	0	0.061	0	0.006	2.09	(1.94 - 2.25)	3.95E-82	NA	(NA - NA)	NA	2.09	(1.94 - 2.25)	3.95E-82	NA	(NA - NA)	NA	NA	(NA - NA)	NA		2.17	(0.50 - 9.47)	3.03E-01	0	0.918
rs77541621	8	128077146	Known		Not replaced	A	G	0.024	0.004	0.001	0.01	1.89	(1.80 - 1.99)	5.49E-147	1.89	(1.80 - 1.99)	1.08E-144	NA	(NA - NA)	NA	NA	(NA - NA)	NA	1.81	(1.26 - 2.59)	0.0011645		1.89	(1.73 - 2.05)	1.16E-48	0.029	0.921
rs72725879	8	128103969	Known		Not replaced	T	C	0.185	0.341	0.64	0.243	1.3	(1.26 - 1.33)	1.32E-90	1.23	(1.19 - 1.26)	2.85E-44	1.31	(1.25 - 1.37)	5.52E-29	1.71	(1.55 - 1.88)	9.48E-29	1.21	(1.01 - 1.45)	0.04071698		1.22	(1.17 - 1.28)	1.41E-19	0.184	0.989
rs183373024	8	128104117	Known		Not replaced	G	A	0.007	0.001	0	0.002	2.27	(2.09 - 2.47)	1.39E-80	2.27	(2.09 - 2.47)	1.39E-80	NA	(NA - NA)	NA	NA	(NA - NA)	NA	NA	(NA - NA)	NA		2.46	(2.10 - 2.88)	2.12E-29	0.006	0.904
rs78809737	8	128104218	Known		New lead variant	G	A	0.953	0.991	1	0.967	1.08	(1.06 - 1.11)	3.48E-09	1.08	(1.05 - 1.11)	1.02E-08	1.65	(0.69 - 3.94)	0.26074621	NA	(NA - NA)	NA	1.09	(0.92 - 1.29)	0.32906918		1.17	(1.07 - 1.28)	5.81E-04	0.954	0.987
rs201057014	8	128325355	Known		New lead variant	T	C	0.127	0.107	0.24	0.112	1.06	(1.03 - 1.09)	8.12E-05	1.07	(1.04 - 1.10)	3.17E-07	1.01	(0.95 - 1.08)	0.7353242	0.92	(0.83 - 1.02)	0.11775887	1.05	(0.98 - 1.13)	0.12854221		1.04	(0.99 - 1.10)	1.42E-01	0.12	0.944
rs17464492	8	128342866	Known		Not replaced	A	G	0.717	0.781	0.943	0.795	1.12	(1.10 - 1.13)	3.51E-48	1.12	(1.10 - 1.14)	1.98E-41	1.09	(1.04 - 1.14)	0.00051161	1.18	(1.07 - 1.29)	0.00040968	1.13	(1.04 - 1.23)	0.00520467		1.18	(1.14 - 1.23)	3.60E-17	0.714	1
rs6983267	8	128413305	Known		Not replaced	G	T	0.511	0.886	0.366	0.603	1.17	(1.16 - 1.19)	1.14E-113	1.18	(1.16 - 1.19)	3.06E-95	1.14	(1.05 - 1.23)	0.00180917	1.15	(1.11 - 1.19)	2.91E-13	1.21	(1.12 - 1.31)	1.72E-06		1.21	(1.17 - 1.25)	4.80E-28	0.519	1
rs10090154	8	128532137	Known		Not replaced	T	C	0.104	0.168	0.154	0.077	1.35	(1.25 - 1.45)	2.73E-15	1.34	(1.23 - 1.45)	1.78E-11	1.15	(1.04 - 1.27)	0.00566539	1.61	(1.32 - 1.97)	3.88E-06	1.36	(1.17 - 1.58)	4.06E-05		1.3	(1.23 - 1.36)	4.63E-23	0.1	0.994
rs34265760	8	128535543	Known		New lead variant	T	C	0.979	0.967	0.906	0.922	1.12	(1.08 - 1.16)	3.25E-10	1.08	(1.03 - 1.13)	0.0019699	1.06	(0.93 - 1.20)	0.38452752	1.22	(1.14 - 1.30)	7.83E-09	1.18	(1.01 - 1.38)	0.0357983		0.95	(0.84 - 1.07)	4.03E-01	0.981	0.995
rs12549761	8	128540776	Known		Not replaced	C	G	0.876	0.952	0.79	0.86	1.18	(1.15 - 1.20)	2.10E-49	1.2	(1.17 - 1.23)	6.16E-46	1.25	(1.12 - 1.40)	0.0001091	1.1	(1.05 - 1.15)	0.00016884	1.08	(0.96 - 1.20)	0.19962851		1.17	(1.11 - 1.24)	1.83E-08	0.878	1
rs34540271	9	18554773	Novel	x	-	C	T	0.698	0.869	0.855	0.611	1.05	(1.04 - 1.07)	5.21E-11	1.05	(1.03 - 1.07)	2.08E-09	1.07	(1.01 - 1.14)	0.02750508	1.03	(0.98 - 1.08)	0.29972524	1.06	(0.99 - 1.15)	0.09790081		1.02	(0.98 - 1.06)	2.64E-01	0.696	0.993
rs10122990	9	19072246	Known		Not replaced	C	A	0.373	0.668	0.157	0.32	1.06	(1.04 - 1.07)	5.28E-15	1.06	(1.04 - 1.08)	3.67E-13	1.02	(0.97 - 1.06)	0.49878772	1.07	(1.02 - 1.13)	0.00705993	1.08	(1.00 - 1.16)	0.04630208		1.05	(1.01 - 1.08)	7.64E-03	0.383	0.997
rs17694493	9	22041998	Known		Not replaced	G	C	0.136	0.116	0.024	0.075	1.07	(1.05 - 1.09)	9.53E-13	1.08	(1.06 - 1.10)	3.37E-13	1.04	(0.98 - 1.10)	0.2324	0.92	(0.79 - 1.08)	0.3127	1.07	(0.93 - 1.22)	0.3505		1.02	(0.97 - 1.07)	3.85E-01	0.136	0.982
rs10122495	9	34049779	Known		Not replaced	T	A	0.294	0.248	0.263	0.208	1.05	(1.04 - 1.07)	2.52E-11	1.06	(1.04 - 1.07)	1.17E-10	1.04	(0.99 - 1.09)	0.09408	1.04	(0.99 - 1.10)	0.07959	0.97	(0.88 - 1.07)	0.5374		1.02	(0.98 - 1.06)	2.72E-01	0.281	0.982
rs142727307	9	82090723	Novel		-	T	TG	0.109	0.359	0.015	0.09	1.08	(1.05 - 1.10)	1.39E-12	1.07	(1.05 - 1.10)	8.39E-09	1.09	(1.05 - 1.14)	4.81E-05	1.22	(0.87 - 1.72)	0.254	1.05	(0.92 - 1.19)	0.4978		1.04	(0.99 - 1.10)	1.01E-01	0.114	0.985
rs4451364	9	109532734	Novel	x	-	A	G	0.767	0.652	0.944	0.862	1.05	(1.04 - 1.07)	2.72E-10	1.05	(1.03 - 1.07)	6.14E-08	1.05	(1.01 - 1.09)	0.01646259	1.08	(1.00 - 1.17)	0.05522413	1.07	(0.97 - 1.19)	0.1841071		1.05	(1.01 - 1.09)	1.62E-02	0.739	0.993
rs817872	9	110144887	Known		Not replaced	C	T	0.275	0.475	0.304	0.302	1.07	(1.06 - 1.09)	4.68E-22	1.07	(1.05 - 1.08)	2.48E-14	1.09	(1.05 - 1.13)	4.16E-05	1.07	(1.03 - 1.11)	0.00043856	1.12	(1.04 - 1.21)	0.00408018		1.07	(1.03 - 1.11)	6.35E-04	0.288	0.998
rs143655302	9	110290217	Novel	x	-	G	A	0.979	0.996	0.999	0.994	1.3	(1.23 - 1.38)	4.03E-19	1.3	(1.23 - 1.38)	4.03E-19	NA	(NA - NA)	NA	NA	(NA - NA)	NA	NA	(NA - NA)	NA		1.38	(1.20 - 1.58)	5.36E-06	0.981	0.986
rs2241167	9	130430116	Novel		-	A	G	0.51	0.662	0.723	0.547	1.04	(1.02 - 1.05)	1.21E-08	1.04	(1.03 - 1.06)	1.06E-07	1.02	(0.98 - 1.07)	0.2801	1.02	(0.98 - 1.07)	0.2927	1.08	(1.00 - 1.16)	0.05685		1.03	(0.99 - 1.06)	1.41E-01	0.545	0.996
rs12634	9	132573536	Known		Not replaced	T	G	0.236	0.229	0.252	0.199	1.06	(1.04 - 1.07)	4.05E-14	1.06	(1.04 - 1.07)	5.79E-10	1.07	(1.02 - 1.12)	0.0058186	1.08	(1.04 - 1.12)	0.0001463	0.99	(0.91 - 1.09)	0.8821188		1.03	(0.99 - 1.07)	1.03E-01	0.24	1
rs12781100	10	838636	Known		Not replaced	T	C	0.159	0.036	0.001	0.079	1.08	(1.06 - 1.10)	2.62E-14	1.08	(1.05 - 1.10)	1.49E-12	1.09	(0.98 - 1.22)	0.1235	NA	(NA - NA)	NULL	1.22	(1.07 - 1.39)	0.002862		1.03	(0.99 - 1.08)	1.73E-01	0.176	0.99
rs7075427	10	46104943	Known		Not replaced	A	C	0.918	0.983	0.997	0.92	1.12	(1.09 - 1.15)	2.27E-16	1.13	(1.09 - 1.16)	1.12E-16	0.96	(0.81 - 1.13)	0.6195	NA	(NA - NA)	NULL	1.12	(0.96 - 1.31)	0.1527		1.12	(1.05 - 1.19)	3.59E-04	0.908	0.962
rs11599847	10	47599029	Novel		-	T	C	0.96	0.991	0.989	0.953	1.12	(1.07 - 1.16)	2.28E-08	1.12	(1.08 - 1.17)	1.40E-08	1.01	(0.52 - 1.97)	0.9844	1.09	(0.88 - 1.35)	0.4354	0.99	(0.83 - 1.20)	0.9531		1.13	(1.04 - 1.24)	5.98E-03	0.961	0.996
rs10993994	10	51549496	Known		Not replaced	T	C	0.381	0.614	0.47	0.349	1.21	(1.20 - 1.23)	8.92E-192	1.23	(1.21 - 1.25)	9.11E-165	1.11	(1.07 - 1.16)	3.57E-07	1.18	(1.14 - 1.23)	1.34E-18	1.29	(1.19 - 1.39)	1.08E-10		1.25	(1.21 - 1.30)	3.50E-40	0.392	1
rs11817544	10	80236999	Known		Not replaced	C	A	0.942	0.798	0.793	0.853	1.09	(1.07 - 1.11)	4.79E-15	1.07	(1.04 - 1.11)	3.20E-05	1.05	(1.00 - 1.11)	0.03552921	1.17	(1.12 - 1.22)	2.21E-12	1.09	(0.97 - 1.21)	0.13732662		1.09	(1.01 - 1.18)	2.05E-02	0.945	0.996
rs12412705	10	80835998	Known		New lead variant	C	T	0.072	0.406	0.343	0.208	1.07	(1.05 - 1.09)	7.48E-12	1.04	(1.01 - 1.07)	0.01201265	1.08	(1.04 - 1.13)	0.00012375	1.11	(1.08 - 1.15)	7.44E-10	1.03	(0.94 - 1.12)	0.57304443		1.03	(0.96 - 1.10)	3.72E-01	0.063	0.995
rs1935581	10	90195149	Known		Not replaced	C	T	0.629	0.211	0.473	0.343	1.05	(1.03 - 1.06)	8.27E-11	1.05	(1.03 - 1.06)	6.36E-09	1.02	(0.97 - 1.07)	0.4396	1.05	(1.01 - 1.09)	0.006448	1.05	(0.97 - 1.14)	0.2041		1.01	(0.97 - 1.04)	6.50E-01	0.644	0.995
rs12262998	10	104428716	Known		New lead variant	C	T	0.676	0.761	0.873	0.767	1.07	(1.06 - 1.09)	5.04E-22	1.07	(1.05 - 1.09)	9.65E-18	1.06	(1.01 - 1.11)	0.01009	1.08	(1.01 - 1.15)	0.02194	1.17	(1.07 - 1.28)	0.0008038		1.06	(1.02 - 1.09)	3.43E-03	0.686	0.996
rs10885396	10	114711755	Known		Not replaced	T	C	0.538	0.646	0.382	0.574	1.04	(1.03 - 1.06)	2.05E-10	1.05	(1.03 - 1.06)	4.75E-09	1.02	(0.98 - 1.06)	0.42	1.07	(1.03 - 1.11)	0.001118	0.97	(0.90 - 1.05)	0.4566		1.02	(0.99 - 1.06)	1.89E-01	0.541	0.999
rs4558107	10	122794926	Known		Not replaced	A	G	0.391	0.19	0.125	0.264	1.06	(1.05 - 1.07)	1.59E-16	1.06	(1.04 - 1.08)	2.90E-14	1.05	(1.00 - 1.10)	0.06991943	1.08	(1.03 - 1.13)	0.00218862	1.01	(0.93 - 1.09)	0.86682293		1.07	(1.04 - 1.11)	6.55E-05	0.39	0.996
rs140783917	10	122834482	Novel	x	-	C	T	0.999	0.99	0.849	0.99	1.21	(1.15 - 1.27)	1.17E-14	1.1	(0.89 - 1.36)	0.39004305	1.12	(0.86 - 1.45)	0.40796439	1.22	(1.16 - 1.28)	4.30E-14	1.87	(1.01 - 3.45)	0.04513451		1.49	(0.54 - 4.07)	4.43E-01	0.999	0.889
rs10788167	10	123054018	Novel	x	-	T	A	0.76	0.786	0.759	0.76	1.06	(1.05 - 1.08)	1.30E-15	1.06	(1.04 - 1.08)	9.31E-12	1.07	(1.02 - 1.12)	0.00689662	1.07	(1.03 - 1.11)	0.00171757	1.04	(0.96 - 1.14)	0.32965265		1.03	(0.99 - 1.07)	1.63E-01	0.771	0.981
rs10749415	10	123185303	Novel	x	-	A	G	0.945	0.78	0.978	0.827	1.12	(1.09 - 1.14)	2.96E-17	1.1	(1.07 - 1.14)	1.51E-08	1.11	(1.06 - 1.17)	1.94E-05	1.28	(1.15 - 1.43)	9.36E-06	1.17	(1.05 - 1.29)	0.0028529		1.13	(1.05 - 1.22)	1.92E-03	0.947	0.995
rs12769682	10	126697494	Known		New lead variant	C	G	0.266	0.163	0.017	0.199	1.06	(1.04 - 1.08)	5.29E-13	1.06	(1.04 - 1.07)	5.00E-11	1.09	(1.03 - 1.15)	0.001363	0.91	(0.62 - 1.33)	0.629	1.03	(0.94 - 1.13)	0.4853		1.09	(1.05 - 1.13)	3.60E-06	0.289	0.998
rs1881502	11	1507512	Known		Not replaced	T	C	0.19	0.088	0.071	0.135	1.05	(1.03 - 1.07)	7.76E-09	1.06	(1.04 - 1.08)	4.06E-09	1.01	(0.94 - 1.09)	0.74671017	1.04	(0.97 - 1.12)	0.25242241	0.99	(0.89 - 1.10)	0.83014318		1.02	(0.98 - 1.06)	4.08E-01	0.194	0.999
rs11043143	11	2234093	Known		Not replaced	T	C	0.198	0.289	0.096	0.308	1.16	(1.14 - 1.18)	1.89E-73	1.18	(1.16 - 1.20)	1.20E-68	1.11	(1.06 - 1.16)	2.46E-06	1.06	(1.00 - 1.12)	0.0636422	1.13	(1.04 - 1.22)	0.00223577		1.22	(1.17 - 1.27)	3.33E-22	0.188	0.994
rs61890184	11	7547587	Known		Not replaced	A	G	0.123	0.172	0.13	0.214	1.08	(1.06 - 1.10)	5.26E-16	1.08	(1.05 - 1.10)	2.73E-10	1.02	(0.97 - 1.08)	0.3694	1.15	(1.09 - 1.21)	7.50E-07	1.2	(1.09 - 1.31)	0.000147		1.07	(1.02 - 1.13)	4.91E-03	0.12	0.995
rs68010938	11	47428209	Known		New lead variant	T	TA	0.297	0.059	0.227	0.187	1.04	(1.03 - 1.06)	3.20E-08	1.05	(1.03 - 1.06)	5.96E-08	0.98	(0.89 - 1.07)	0.6159	1.03	(0.93 - 1.13)	0.6228	1.12	(1.01 - 1.23)	0.02473		1.05	(1.01 - 1.08)	1.62E-02	0.301	0.973
rs1048374	11	58902679	Known		New lead variant	G	A	0.008	0.081	0.177	0.069	1.13	(1.09 - 1.18)	1.42E-11	1.04	(0.92 - 1.17)	0.5685	1.14	(1.06 - 1.22)	0.0003074	1.15	(1.10 - 1.21)	6.22E-09	1.09	(0.94 - 1.28)	0.2629		1.05	(0.77 - 1.43)	7.43E-01	0.003	0.959
rs2277283	11	61908440	Known		Not replaced	C	T	0.315	0.165	0.075	0.165	1.05	(1.04 - 1.07)	7.65E-12	1.06	(1.04 - 1.07)	1.61E-10	1.05	(1 - 1.11)	0.05243	1.01	(0.94 - 1.08)	0.8466	1.12	(1.01 - 1.23)	0.0329		1.07	(1.03 - 1.11)	2.30E-04	0.317	0.976
rs12785905	11	66951965	Known		Not replaced	C	G	0.047	0.011	0	0.024	1.12	(1.08 - 1.16)	1.77E-10	1.12	(1.08 - 1.16)	5.10E-10	1	(0.78 - 1.29)	0.9795	NA	(NA - NA)	NULL	1.32	(1.01 - 1.72)	0.04084		1.08	(1.01 - 1.16)	3.03E-02	0.059	0.955
rs3018690	11	68882926	Novel	x	-	T	C	0.448	0.744	0.425	0.437	1.05	(1.03 - 1.06)	7.70E-11	1.05	(1.03 - 1.06)	6.09E-08	1.02	(0.97 - 1.07)	0.50244381	1.07	(1.04 - 1.11)	4.32E-05	1.02	(0.95 - 1.09)	0.65270549		1.05	(1.01 - 1.09)	8.61E-03	0.433	0.987
rs11825796	11	68980788	Known		New lead variant	A	G	0.261	0.512	0.017	0.185	1.09	(1.08 - 1.11)	4.85E-27	1.1	(1.08 - 1.12)	3.42E-24	1.07	(1.03 - 1.11)	0.00113431	1.14	(0.97 - 1.35)	0.11614449	1.06	(0.97 - 1.16)	0.20054195		1.08	(1.04 - 1.13)	1.16E-04	0.254	0.992
rs11228580	11	69002342	Known		Not replaced	C	T	0.158	0.158	0.005	0.112	1.27	(1.25 - 1.29)	5.43E-125	1.27	(1.24 - 1.29)	4.61E-102	1.31	(1.24 - 1.38)	3.99E-24	1.17	(0.78 - 1.76)	0.43945304	1.18	(1.05 - 1.32)	0.00404611		1.28	(1.22 - 1.34)	2.32E-25	0.172	0.995
rs3918298	11	69463273	Novel	x	-	A	G	0.025	0.241	0.017	0.041	1.14	(1.10- 1.17)	1.34E-18	1.18	(1.12 - 1.23)	8.32E-12	1.08	(1.03 - 1.13)	0.00100588	1.16	(1.07 - 1.26)	0.00034168	1.38	(1.21 - 1.57)	1.11E-06		1.27	(1.16 - 1.40)	7.75E-07	0.027	0.974
rs56159348	11	76267331	Known		Not replaced	T	G	0.674	0.802	0.849	0.802	1.06	(1.04 - 1.07)	3.86E-14	1.06	(1.04 - 1.08)	1.60E-12	1.04	(0.99 - 1.10)	0.1167	1.08	(1.03 - 1.14)	0.003451	0.98	(0.89 - 1.07)	0.6449		1.03	(1.00 - 1.07)	8.66E-02	0.681	0.99
rs11568818	11	102401661	Known		Not replaced	T	C	0.55	0.547	0.912	0.65	1.08	(1.06 - 1.09)	4.29E-26	1.07	(1.06 - 1.09)	1.07E-20	1.08	(1.03 - 1.12)	0.0002966	1.06	(0.98 - 1.14)	0.1207	1.16	(1.07 - 1.25)	0.0003291		1.07	(1.04 - 1.11)	4.95E-05	0.548	1
rs74911261	11	108357137	Known		New lead variant	A	G	0.023	0.005	0.001	0.012	1.15	(1.10 - 1.21)	8.39E-09	1.15	(1.10 - 1.21)	1.05E-08	NA	(NA - NA)	NULL	NA	(NA - NA)	NULL	1.11	(0.79 - 1.56)	0.5363		1.15	(1.04 - 1.26)	6.59E-03	0.026	1
rs5794883	11	113700546	Known		Not replaced	C	CA	0.699	0.594	0.74	0.772	1.07	(1.05 - 1.08)	3.40E-18	1.07	(1.05 - 1.09)	1.67E-16	1.07	(1.02 - 1.11)	0.003406	0.99	(0.90- 1.10)	0.9015	1.05	(0.96 - 1.15)	0.3074		1.06	(1.02 - 1.10)	3.13E-03	0.705	0.985
rs138466039	11	125054793	Known		Not replaced	T	C	0.009	0.003	0	0.004	1.32	(1.22 - 1.44)	1.91E-11	1.32	(1.22 - 1.44)	1.91E-11	NA	(NA - NA)	NULL	NA	(NA - NA)	NULL	NA	(NA - NA)	NULL		1.31	(1.15 - 1.50)	5.07E-05	0.014	0.963
rs878987	11	134266372	Known		Not replaced	G	A	0.147	0.193	0.042	0.081	1.07	(1.05 - 1.09)	4.42E-11	1.07	(1.05 - 1.10)	1.40E-10	1.01	(0.96 - 1.06)	0.67828058	1.11	(1.00 - 1.23)	0.0421299	1.09	(0.96 - 1.24)	0.16678639		1.03	(0.99 - 1.08)	1.48E-01	0.16	0.987
rs2066827	12	12871099	Known		Not replaced	T	G	0.756	0.29	0.955	0.819	1.06	(1.04 - 1.07)	3.47E-10	1.06	(1.04 - 1.08)	4.30E-10	1.05	(1.00 - 1.10)	0.04240237	1	(0.90 - 1.11)	0.96382515	0.98	(0.89 - 1.07)	0.59089141		1.04	(1.00 - 1.09)	3.40E-02	0.767	1
rs77216612	12	12877983	Known		Not replaced	A	G	0.728	0.928	0.579	0.823	1.04	(1.02 - 1.05)	2.11E-07	1.03	(1.01 - 1.05)	0.00145573	1.03	(0.95 - 1.12)	0.45883601	1.1	(1.07 - 1.14)	1.83E-08	0.99	(0.90 - 1.08)	0.80700638		1.03	(1.00 - 1.07)	8.71E-02	0.713	0.997
rs10845938	12	14416918	Known		Not replaced	G	A	0.557	0.429	0.667	0.629	1.06	(1.04 - 1.07)	8.55E-17	1.06	(1.05 - 1.08)	2.60E-15	1.06	(1.01 - 1.10)	0.008682	1.01	(0.97 - 1.05)	0.67	1.09	(1.00 - 1.18)	0.04105		1.06	(1.02 - 1.09)	1.64E-03	0.544	0.985
rs80130819	12	48419618	Known		New lead variant	A	C	0.909	0.982	0.995	0.937	1.1	(1.07 - 1.12)	4.07E-12	1.1	(1.07 - 1.12)	1.05E-11	1.12	(0.95 - 1.31)	0.1645	NA	(NA - NA)	NULL	1.05	(0.90 - 1.23)	0.5408		1.15	(1.08 - 1.22)	2.85E-05	0.919	0.995
rs56222401	12	49672714	Known		New lead variant	G	A	0.255	0.536	0.707	0.293	1.08	(1.06 - 1.09)	6.36E-24	1.08	(1.06 - 1.09)	3.23E-18	1.09	(1.05 - 1.13)	3.07E-05	1.09	(1.04 - 1.15)	0.001133	1.03	(0.95 - 1.12)	0.484		1.09	(1.05 - 1.13)	1.15E-05	0.248	1
rs113925811	12	53308932	Known		Not replaced	A	C	0.128	0.153	0.005	0.071	1.18	(1.15 - 1.20)	4.82E-58	1.18	(1.16 - 1.21)	1.07E-50	1.17	(1.11 - 1.24)	5.24E-09	NA	(NA - NA)	NA	1.08	(0.95 - 1.23)	0.24772927		1.2	(1.14 - 1.26)	3.00E-12	0.113	0.981
rs187809440	12	53329231	Novel	x	-	T	C	0.001	0.001	0.03	0.006	1.34	(1.24 - 1.46)	1.87E-12	1.17	(0.87 - 1.57)	0.29863833	NA	(NA - NA)	NA	1.36	(1.25 - 1.47)	9.64E-13	NA	(NA - NA)	NA		3.79	(1.04 - 13.81)	4.33E-02	0	0.821
rs7968403	12	65012824	Known		Not replaced	T	C	0.642	0.837	0.813	0.722	1.06	(1.04 - 1.07)	5.64E-15	1.06	(1.05 - 1.08)	7.22E-14	1.01	(0.96 - 1.07)	0.6904	1.08	(1.03 - 1.14)	0.00158	1.01	(0.93 - 1.10)	0.8683		1.06	(1.02 - 1.10)	8.14E-04	0.631	0.988
rs4842687	12	90156377	Known		Not replaced	A	G	0.705	0.61	0.789	0.588	1.06	(1.05 - 1.08)	1.90E-17	1.06	(1.04 - 1.08)	5.93E-12	1.04	(1.00 - 1.09)	0.04718	1.12	(1.07 - 1.17)	1.55E-06	1.08	(1.00 - 1.17)	0.04111		1.09	(1.05 - 1.14)	3.41E-06	0.722	0.995
rs77121786	12	102446675	Novel		-	G	T	0.2	0.186	0.154	0.121	1.05	(1.03 - 1.06)	9.82E-09	1.05	(1.03 - 1.07)	1.25E-06	1.05	(1.00 - 1.10)	0.07028	1.06	(1.01 - 1.12)	0.01278	1.03	(0.92 - 1.16)	0.5685		1.05	(1.00 - 1.09)	3.21E-02	0.202	0.999
rs1270884	12	114685571	Known		New lead variant	A	G	0.483	0.197	0.245	0.351	1.07	(1.06 - 1.09)	5.79E-25	1.07	(1.06 - 1.09)	2.10E-20	1.06	(1.01 - 1.12)	0.02183	1.07	(1.02 - 1.12)	0.008212	1.14	(1.05 - 1.23)	0.001325		1.05	(1.02 - 1.09)	3.06E-03	0.483	1
rs7295014	12	133067989	Known		Not replaced	G	A	0.341	0.457	0.84	0.464	1.06	(1.04 - 1.07)	1.27E-14	1.05	(1.03 - 1.07)	1.21E-09	1.07	(1.03 - 1.11)	0.00090692	1.11	(1.06 - 1.16)	2.91E-05	1.02	(0.95 - 1.10)	0.52666128		1.07	(1.04 - 1.11)	8.98E-05	0.333	0.998
rs1327653	13	51076440	Novel		-	T	C	0.258	0.308	0.154	0.224	1.04	(1.03 - 1.06)	1.28E-08	1.04	(1.02 - 1.06)	5.44E-06	1.03	(0.98 - 1.07)	0.2046	1.1	(1.05 - 1.16)	0.000217	1.06	(0.97 - 1.16)	0.2033		1.05	(1.01 - 1.09)	2.22E-02	0.252	0.998
rs7489409	13	73716861	Known		New lead variant	C	T	0.186	0.16	0.401	0.374	1.09	(1.07 - 1.10)	4.21E-24	1.07	(1.05 - 1.09)	1.39E-11	1.12	(1.06 - 1.18)	5.59E-05	1.14	(1.10 - 1.19)	9.03E-14	1.04	(0.96 - 1.12)	0.36167275		1.09	(1.04 - 1.14)	5.56E-05	0.19	0.995
rs7336001	13	73995877	Novel	x	-	G	C	0.911	0.985	0.999	0.948	1.1	(1.07 - 1.13)	1.93E-10	1.11	(1.08 - 1.14)	7.57E-12	1.02	(0.85 - 1.22)	0.85049557	NA	(NA - NA)	NA	0.88	(0.78 - 0.99)	0.03750732		1.16	(1.09 - 1.24)	1.52E-06	0.907	0.94
rs75823044	13	110360784	Known		Not replaced	T	C	0	0.021	0	0.002	1.53	(1.35 - 1.73)	1.91E-11	1.23	(0.42 - 3.58)	0.7059	1.53	(1.35 - 1.73)	1.94E-11	NA	(NA - NA)	NULL	NA	(NA - NA)	NULL		5.1	(0.52 - 50.07)	1.62E-01	0	0.847
rs1004030	14	23305649	Known		Not replaced	T	C	0.584	0.624	0.648	0.76	1.04	(1.03 - 1.05)	1.14E-08	1.05	(1.03 - 1.06)	8.17E-10	1.01	(0.97 - 1.05)	0.622	1	(0.96 - 1.04)	0.8152	1.08	(0.99 - 1.18)	0.08598		1.03	(1.00 - 1.07)	6.44E-02	0.574	0.994
rs6571758	14	37136194	Known		New lead variant	G	A	0.616	0.579	0.741	0.441	1.06	(1.05 - 1.08)	2.52E-19	1.06	(1.04 - 1.07)	1.37E-12	1.07	(1.03 - 1.12)	0.000625	1.1	(1.05 - 1.14)	1.63E-05	1.07	(0.99 - 1.16)	0.07702		1	(0.97 - 1.04)	9.05E-01	0.633	0.986
rs11849126	14	38144592	Novel		-	G	A	0.694	0.764	0.854	0.753	1.04	(1.03 - 1.06)	2.16E-08	1.04	(1.03 - 1.06)	9.27E-07	1.07	(1.02 - 1.12)	0.008159	1.06	(1.00 - 1.12)	0.05694	0.97	(0.89 - 1.05)	0.4306		1.04	(1.00 - 1.07)	5.48E-02	0.699	0.999
rs4901313	14	53387109	Known		New lead variant	G	T	0.813	0.718	0.997	0.877	1.08	(1.06 - 1.10)	1.03E-19	1.09	(1.07 - 1.11)	7.62E-18	1.05	(1.01 - 1.10)	0.02411	NA	(NA - NA)	NULL	1.18	(1.05 - 1.32)	0.005867		1.13	(1.08 - 1.18)	1.22E-07	0.812	0.989
rs8005621	14	61106699	Known		New lead variant	G	A	0.087	0.34	0.17	0.108	1.07	(1.05 - 1.09)	5.55E-12	1.06	(1.03 - 1.09)	1.49E-05	1.08	(1.03 - 1.12)	0.0003956	1.1	(1.05 - 1.16)	7.37E-05	1.12	(0.99 - 1.26)	0.06455		1.04	(0.99 - 1.10)	1.34E-01	0.099	0.998
rs79133931	14	64687926	Known		Not replaced	T	C	0.002	0.019	0.088	0.102	1.11	(1.05 - 1.18)	0.0001896	0.77	(0.62 - 0.95)	0.01641	1.06	(0.91 - 1.23)	0.458	1.2	(1.11 - 1.28)	1.08E-06	1.05	(0.92 - 1.19)	0.5068		1.98	(0.98 - 4.02)	5.80E-02	0	0.949
rs2093202	14	68923908	Novel		-	A	G	0.613	0.399	0.435	0.719	1.04	(1.03 - 1.05)	1.57E-09	1.04	(1.03 - 1.06)	1.48E-07	1.03	(0.99 - 1.07)	0.15029218	1.03	(0.99 - 1.06)	0.14533439	1.14	(1.05 - 1.23)	0.00194669		1.02	(0.99 - 1.06)	2.09E-01	0.599	0.998
rs767127	14	69134264	Known		Not replaced	G	A	0.497	0.487	0.815	0.56	1.05	(1.04 - 1.07)	5.23E-14	1.05	(1.04 - 1.07)	2.87E-12	1.04	(1.00- 1.08)	0.06242355	1.07	(1.02 - 1.12)	0.01111605	1.01	(0.94 - 1.09)	0.81565523		1.05	(1.01 - 1.08)	7.58E-03	0.505	0.991
rs17565772	14	70756333	Known		New lead variant	G	A	0.466	0.219	0.28	0.508	1.04	(1.03 - 1.06)	6.14E-10	1.04	(1.03 - 1.06)	5.04E-08	1.01	(0.96 - 1.06)	0.6377	1.08	(1.03 - 1.12)	0.0005622	1.02	(0.95 - 1.10)	0.5745		1.07	(1.04 - 1.11)	3.80E-05	0.481	0.993
rs11561564	15	40965044	Known		Not replaced	G	A	0.838	0.908	0.318	0.586	1.07	(1.05 - 1.08)	1.04E-12	1.07	(1.04 - 1.09)	9.10E-10	1.1	(1.02 - 1.19)	0.009948	1.06	(1.02 - 1.11)	0.008139	1.04	(0.96 - 1.13)	0.3385		1.07	(1.02 - 1.12)	8.60E-03	0.845	0.988
rs33984059	15	56385868	Known		Not replaced	A	G	0.977	0.996	0.999	0.986	1.19	(1.12 - 1.26)	1.70E-09	1.19	(1.13 - 1.26)	1.62E-09	NA	(NA - NA)	NULL	NA	(NA - NA)	NULL	1.08	(0.69 - 1.69)	0.7413		1.14	(1.02 - 1.27)	1.97E-02	0.973	1
rs74634457	15	66835704	Known		New lead variant	G	A	0.256	0.087	0.139	0.149	1.05	(1.03 - 1.07)	7.61E-10	1.05	(1.03 - 1.07)	3.98E-09	1.04	(0.97 - 1.12)	0.3103094	1	(0.95 - 1.06)	0.90854413	1.14	(1.04 - 1.25)	0.0071206		1.04	(1.00 - 1.08)	2.71E-02	0.251	0.999
rs8023793	15	66942093	Known		Not replaced	A	C	0.511	0.336	0.608	0.443	1.03	(1.02 - 1.04)	1.25E-06	1.01	(1.00 - 1.03)	0.08187339	1.08	(1.04 - 1.13)	0.00030396	1.12	(1.08 - 1.16)	1.17E-09	1.03	(0.96 - 1.11)	0.44252891		1.01	(0.98 - 1.05)	3.96E-01	0.502	0.99
rs12913603	15	70668824	Novel		-	A	C	0.481	0.633	0.574	0.494	1.04	(1.03 - 1.05)	1.14E-08	1.04	(1.02 - 1.05)	1.12E-06	1	(0.96 - 1.05)	0.9692	1.08	(1.04 - 1.12)	0.0001661	1.04	(0.96 - 1.12)	0.352		1.04	(1.01 - 1.08)	1.49E-02	0.489	0.983
rs7188897	16	54469331	Novel		-	T	C	0.35	0.139	0.101	0.259	1.05	(1.03 - 1.06)	2.39E-09	1.05	(1.03 - 1.06)	1.23E-08	1.04	(0.98 - 1.10)	0.15623742	1	(0.94 - 1.06)	0.94029439	1.07	(0.99 - 1.16)	0.08143259		1.02	(0.98 - 1.05)	3.54E-01	0.349	0.996
rs13380763	16	54678305	Novel		-	C	T	0.814	0.827	0.924	0.894	1.06	(1.04 - 1.08)	1.65E-09	1.05	(1.03 - 1.07)	2.72E-07	1.07	(1.02 - 1.13)	0.01033119	1.1	(1.02 - 1.18)	0.01124172	1	(0.90 - 1.12)	0.98675364		1.02	(0.98 - 1.07)	3.00E-01	0.804	0.985
rs11863709	16	57654576	Known		Not replaced	C	T	0.959	0.965	0.997	0.978	1.14	(1.10 - 1.19)	2.89E-11	1.15	(1.11 - 1.20)	1.43E-11	1.08	(0.95 - 1.21)	0.2338	NA	(NA - NA)	NULL	0.95	(0.72 - 1.25)	0.7159		1.06	(0.97 - 1.16)	2.02E-01	0.962	0.971
rs28709974	16	79847632	Novel		-	C	T	0.058	0.075	0.005	0.041	1.09	(1.06 - 1.12)	5.07E-09	1.09	(1.06 - 1.12)	1.25E-07	1.09	(1.01 - 1.18)	0.02189	NA	(NA - NA)	NULL	1.1	(0.91 - 1.33)	0.3175		1.14	(1.06 - 1.23)	4.98E-04	0.045	0.99
rs8052913	16	82166181	Known		New lead variant	C	T	0.385	0.58	0.617	0.595	1.04	(1.03 - 1.06)	3.53E-10	1.04	(1.03 - 1.06)	3.24E-08	1.02	(0.98 - 1.06)	0.25045896	1.05	(1.01 - 1.09)	0.02285248	1.07	(0.99 - 1.15)	0.07519889		1.05	(1.01 - 1.09)	6.23E-03	0.39	0.987
rs684232	17	618965	Known		Not replaced	C	T	0.352	0.648	0.512	0.408	1.08	(1.07 - 1.10)	1.73E-33	1.09	(1.07 - 1.10)	1.77E-26	1.07	(1.03 - 1.12)	0.001603	1.07	(1.03 - 1.11)	0.0001694	1.12	(1.04 - 1.21)	0.003084		1.11	(1.07 - 1.15)	3.53E-09	0.355	1
rs78378222	17	7571752	Novel	x	-	G	T	0.012	0.003	0	0.004	1.26	(1.18 - 1.35)	3.37E-11	1.26	(1.18 - 1.35)	3.37E-11	NA	(NA - NA)	NA	NA	(NA - NA)	NA	NA	(NA - NA)	NA		1.26	(1.10- 1.45)	9.08E-04	0.013	0.955
rs28441558	17	7803118	Known		Not replaced	C	T	0.055	0.038	0.004	0.021	1.17	(1.13 - 1.20)	2.14E-21	1.17	(1.13 - 1.21)	3.57E-19	1.12	(1.02 - 1.24)	0.02229079	NA	(NA - NA)	NA	1.29	(1.06 - 1.56)	0.01048348		1.19	(1.12 - 1.27)	1.36E-07	0.06	0.994
rs72811270	17	12585459	Novel		-	A	G	0.12	0.205	0.086	0.17	1.06	(1.04 - 1.08)	1.66E-08	1.06	(1.03 - 1.08)	1.61E-06	1.05	(1.00 - 1.10)	0.05982	1.09	(1.02 - 1.17)	0.01095	1.02	(0.92 - 1.13)	0.724		1.12	(1.07 - 1.18)	7.92E-06	0.122	0.971
rs4795646	17	30092898	Known		New lead variant	G	A	0.773	0.931	0.306	0.629	1.06	(1.04 - 1.07)	2.32E-11	1.06	(1.04 - 1.08)	8.80E-11	1	(0.92 - 1.08)	0.904	1.06	(1.01 - 1.10)	0.01119	1	(0.93 - 1.09)	0.9187		1.01	(0.97 - 1.05)	5.46E-01	0.785	0.998
rs3110641	17	36047417	Known		Not replaced	A	G	0.221	0.545	0.29	0.22	1.06	(1.04 - 1.07)	8.01E-14	1.06	(1.04 - 1.08)	1.30E-09	1.03	(0.99 - 1.07)	0.21463153	1.08	(1.04 - 1.12)	2.66E-05	1.08	(1.00 - 1.17)	0.06253249		1.05	(1.01 - 1.09)	1.53E-02	0.218	0.987
rs11649743	17	36074979	Known		Not replaced	G	A	0.805	0.923	0.693	0.822	1.11	(1.09 - 1.13)	8.91E-35	1.1	(1.08 - 1.12)	8.16E-23	1.06	(0.98 - 1.14)	0.16789781	1.15	(1.11 - 1.20)	9.14E-13	1.14	(1.04 - 1.26)	0.00690576		1.13	(1.08 - 1.18)	9.27E-08	0.814	0.974
rs11263763	17	36103565	Known		Not replaced	A	G	0.529	0.612	0.713	0.607	1.21	(1.20 - 1.23)	1.30E-183	1.22	(1.20- 1.24)	2.55E-144	1.11	(1.06 - 1.16)	1.62E-06	1.31	(1.26 - 1.36)	9.68E-39	1.16	(1.08 - 1.25)	8.99E-05		1.23	(1.19 - 1.27)	4.96E-33	0.523	0.983
rs138213197	17	46805705	Known		Not replaced	T	C	0.002	0	0	0	3.98	(3.38 - 4.68)	1.07E-62	3.98	(3.38 - 4.68)	1.07E-62	NA	(NA - NA)	NA	NA	(NA - NA)	NA	NA	(NA - NA)	NA		4.48	(3.55 - 5.66)	2.27E-36	0.002	1
rs2960158	17	47380305	Novel	x	-	T	C	0.766	0.837	0.686	0.683	1.05	(1.03 - 1.06)	1.32E-08	1.04	(1.02 - 1.06)	2.58E-05	1.04	(0.99 - 1.10)	0.15046375	1.08	(1.04 - 1.12)	7.75E-05	1.02	(0.94 - 1.11)	0.61044939		1.02	(0.98 - 1.06)	3.30E-01	0.773	0.998
rs565189650	17	47398245	Known		Not replaced	T	C	0.073	0.087	0.005	0.041	1.11	(1.08 - 1.14)	1.91E-14	1.1	(1.07 - 1.13)	7.51E-11	1.17	(1.09 - 1.26)	7.81E-06	NA	(NA - NA)	NA	1.05	(0.89 - 1.25)	0.554531		0.82	(0.45 - 1.49)	5.14E-01	0.002	0.527
rs12938538	17	56426027	Known		New lead variant	T	C	0.558	0.623	0.467	0.657	1.04	(1.03 - 1.05)	9.30E-09	1.04	(1.03 - 1.06)	2.93E-08	1.04	(1.00 - 1.09)	0.04243	1	(0.97 - 1.04)	0.8423	1.05	(0.97 - 1.14)	0.2502		1.03	(1.00 - 1.07)	6.70E-02	0.574	0.995
rs148511027	17	69117532	Known		Not replaced	G	GTTAT	0.473	0.206	0.32	0.587	1.16	(1.15 - 1.18)	1.05E-105	1.17	(1.15 - 1.19)	6.74E-99	1.1	(1.04 - 1.15)	0.0002516	1.09	(1.00 - 1.19)	0.06073	1.18	(1.09 - 1.27)	2.03E-05		1.17	(1.13 - 1.21)	3.96E-20	0.46	0.987
rs8089411	18	51771322	Known		Not replaced	C	T	0.444	0.274	0.745	0.465	1.04	(1.03 - 1.06)	7.35E-10	1.04	(1.03 - 1.06)	1.98E-08	1.04	(0.99 - 1.08)	0.1302	1.07	(1.02 - 1.12)	0.003095	0.96	(0.89 - 1.04)	0.3302		1.01	(0.97 - 1.04)	6.78E-01	0.436	0.996
rs35283980	18	56745999	Known		Not replaced	G	C	0.305	0.321	0.502	0.463	1.04	(1.03 - 1.05)	1.26E-08	1.05	(1.03 - 1.06)	6.14E-08	1.01	(0.96 - 1.05)	0.7306	1.04	(1.00 - 1.08)	0.0738	1.07	(0.99 - 1.15)	0.1098		1	(0.96 - 1.03)	8.29E-01	0.302	0.997
rs533722308	18	60961193	Known		Not replaced	CT	C	0.417	0.386	0.365	0.4	1.05	(1.03 - 1.07)	3.66E-10	1.05	(1.03 - 1.07)	1.14E-08	1.06	(1.01 - 1.12)	0.0134	1.02	(0.91 - 1.14)	0.7342	1.05	(0.95 - 1.15)	0.3379		1.02	(0.99 - 1.06)	2.50E-01	0.448	0.848
rs11876000	18	73035513	Known		Not replaced	T	G	0.414	0.377	0.334	0.33	1.04	(1.03 - 1.05)	5.06E-09	1.04	(1.03 - 1.06)	1.83E-08	1.03	(0.99 - 1.07)	0.2137	1.04	(1.00 - 1.08)	0.04103	0.96	(0.88 - 1.04)	0.2926		1.04	(1.00 - 1.07)	2.65E-02	0.41	0.987
rs9959454	18	76770820	Known		Not replaced	A	G	0.732	0.766	0.61	0.736	1.07	(1.06 - 1.09)	5.07E-21	1.09	(1.07 - 1.10)	7.09E-22	1.02	(0.97 - 1.07)	0.4513	1.03	(0.99 - 1.07)	0.1679	1.13	(1.03 - 1.23)	0.008692		1.06	(1.02 - 1.10)	1.51E-03	0.729	1
rs10412482	19	17228554	Known		New lead variant	C	T	0.706	0.455	0.632	0.567	1.05	(1.04 - 1.07)	2.45E-12	1.05	(1.03 - 1.07)	6.72E-09	1.07	(1.03 - 1.12)	0.001875	1.04	(1.00 - 1.09)	0.0551	1.08	(0.99 - 1.17)	0.08676		1.07	(1.03 - 1.12)	2.05E-04	0.711	0.957
rs17501397	19	32168343	Known		Not replaced	C	T	0.911	0.981	0.968	0.957	1.08	(1.05 - 1.11)	3.41E-08	1.08	(1.05 - 1.11)	8.26E-08	1	(0.85 - 1.17)	0.9564	1.09	(0.97 - 1.23)	0.1289	1.08	(0.89 - 1.31)	0.4549		1.08	(1.01 - 1.14)	1.72E-02	0.914	0.994
rs59710626	19	38548094	Novel	x	-	G	T	0.864	0.925	0.853	0.926	1.06	(1.04 - 1.08)	1.30E-08	1.06	(1.04 - 1.08)	3.38E-07	1.01	(0.93 - 1.09)	0.84936251	1.06	(1.01 - 1.11)	0.02937972	1.16	(1.01 - 1.33)	0.03385108		1.02	(0.97 - 1.07)	5.12E-01	0.859	0.986
rs4802297	19	38738130	Known		Not replaced	G	C	0.489	0.669	0.286	0.418	1.09	(1.08 - 1.11)	6.55E-40	1.1	(1.08 - 1.12)	1.00E-35	1.07	(1.02 - 1.12)	0.00207688	1.06	(1.02 - 1.10)	0.00347048	1.08	(1.01 - 1.16)	0.03201008		1.12	(1.09 - 1.16)	1.09E-11	0.485	0.998
rs11673591	19	41985931	Known		Not replaced	T	A	0.737	0.208	0.569	0.792	1.08	(1.06 - 1.09)	1.05E-22	1.09	(1.07 - 1.11)	1.32E-23	1.06	(1.01 - 1.11)	0.02707	1.02	(0.99 - 1.06)	0.2279	1.03	(0.93 - 1.13)	0.5854		1.08	(1.04 - 1.13)	5.03E-05	0.747	0.996
rs2659051	19	51345568	Known		New lead variant	G	C	0.798	0.839	0.621	0.724	1.1	(1.08 - 1.11)	2.51E-29	1.09	(1.07 - 1.11)	4.01E-16	1.08	(1.02 - 1.14)	0.00491351	1.14	(1.10 - 1.19)	3.39E-13	1.11	(1.02 - 1.20)	0.01518766		1.14	(1.09 - 1.20)	1.57E-08	0.79	0.977
rs61752561	19	51361382	Known		Not replaced	G	A	0.958	0.993	1	0.991	1.15	(1.11 - 1.20)	4.78E-12	1.16	(1.11 - 1.20)	3.63E-13	0.75	(0.41 - 1.35)	0.33357535	NA	(NA - NA)	NA	0.77	(0.51 - 1.17)	0.21635086		1.19	(1.09 - 1.29)	1.02E-04	0.957	1
rs76765083	19	51362715	Known		Not replaced	T	G	0.923	0.986	0.999	0.961	1.3	(1.26 - 1.35)	1.52E-62	1.31	(1.27 - 1.35)	1.24E-60	1.2	(1.00 - 1.44)	0.05481099	NA	(NA - NA)	NA	1.27	(1.04 - 1.55)	0.0171129		1.46	(1.34 - 1.58)	1.56E-20	0.926	0.998
rs6039055	20	867324	Known		New lead variant	A	G	0.711	0.476	0.451	0.758	1.04	(1.02 - 1.05)	1.56E-06	1.03	(1.01 - 1.05)	0.0004025	1.06	(1.02 - 1.11)	0.005769	1.05	(1.01 - 1.09)	0.01601	0.98	(0.90 - 1.08)	0.7015		0.99	(0.95 - 1.02)	4.43E-01	0.732	0.969
rs11480453	20	31347512	Known		Not replaced	C	CA	0.605	0.229	0.129	0.406	1.04	(1.03 - 1.06)	3.85E-08	1.04	(1.03 - 1.06)	5.11E-08	1.03	(0.97 - 1.09)	0.3141	1.12	(0.97 - 1.29)	0.1307	0.99	(0.91 - 1.07)	0.775		1.04	(1.00 - 1.07)	4.76E-02	0.597	0.975
rs6141551	20	34006970	Novel		-	C	T	0.609	0.333	0.747	0.682	1.04	(1.03 - 1.06)	3.50E-09	1.04	(1.02 - 1.06)	4.59E-07	1.04	(1.00 - 1.09)	0.06014	1.03	(0.99 - 1.08)	0.1547	1.12	(1.03 - 1.21)	0.009776		1.05	(1.01 - 1.08)	1.13E-02	0.631	0.997
rs73909841	20	49548807	Known		Not replaced	T	C	0.928	0.871	0.925	0.922	1.11	(1.08 - 1.13)	4.54E-16	1.11	(1.08 - 1.14)	3.28E-12	1.07	(1.01 - 1.14)	0.02027	1.2	(1.11 - 1.30)	9.21E-06	0.98	(0.85 - 1.12)	0.7561		1.04	(0.98 - 1.11)	2.20E-01	0.927	0.998
rs6126986	20	52464719	Known		New lead variant	C	T	0.479	0.753	0.42	0.436	1.06	(1.04 - 1.07)	4.88E-16	1.07	(1.05 - 1.08)	1.24E-15	1.04	(0.99 - 1.09)	0.143	1.02	(0.98 - 1.06)	0.2941	1.09	(1.01 - 1.18)	0.03699		1.08	(1.04 - 1.12)	9.43E-06	0.493	0.977
rs139135938	20	61001061	Known		New lead variant	TGGCAGTGGCAGC	T	0.673	0.494	0.575	0.543	1.04	(1.03 - 1.06)	6.63E-09	1.05	(1.03 - 1.06)	1.19E-07	1.03	(0.99 - 1.08)	0.1143	1.09	(0.99 - 1.19)	0.07146	1.03	(0.96 - 1.12)	0.4035		1.05	(1.01 - 1.09)	6.59E-03	0.691	0.964
rs381331	20	62229989	Novel		-	A	G	0.611	0.333	0.272	0.499	1.05	(1.04 - 1.07)	1.10E-12	1.05	(1.04 - 1.07)	5.75E-10	1.03	(0.98 - 1.07)	0.27364495	1.06	(1.02 - 1.10)	0.00138331	1.06	(0.99 - 1.14)	0.10700399		1.06	(1.03 - 1.10)	6.29E-04	0.609	1
rs3787099	20	62307517	Novel	x	-	A	G	0.914	0.937	0.972	0.933	1.11	(1.08 - 1.14)	6.18E-15	1.11	(1.08 - 1.14)	3.20E-12	1.08	(0.99 - 1.17)	0.08890878	1.16	(1.04 - 1.29)	0.00887462	1.15	(1.00 - 1.31)	0.05397669		1.17	(1.10 - 1.25)	2.63E-06	0.921	0.996
rs1058319	20	62374389	Known		Not replaced	C	T	0.864	0.955	0.425	0.8	1.12	(1.10 - 1.14)	1.00E-29	1.12	(1.09 - 1.14)	5.41E-20	1.16	(1.05 - 1.28)	0.00355922	1.11	(1.07 - 1.15)	3.79E-09	1.08	(0.99 - 1.19)	0.09870663		1.14	(1.08 - 1.20)	2.77E-06	0.864	0.948
rs11701433	21	40296411	Novel		-	C	T	0.334	0.271	0.578	0.37	1.04	(1.03 - 1.06)	1.21E-08	1.04	(1.02 - 1.06)	1.53E-06	1.05	(1.00 - 1.10)	0.05689	1.03	(0.99 - 1.08)	0.1939	1.12	(1.03 - 1.21)	0.006159		1.03	(0.99 - 1.07)	1.00E-01	0.33	0.99
rs61735792	21	42866332	Known		New lead variant	A	G	0.016	0.003	0	0.018	1.26	(1.19 - 1.34)	8.27E-15	1.26	(1.19 - 1.34)	2.75E-14	NA	(NA - NA)	NA	NA	(NA - NA)	NA	1.23	(0.95 - 1.60)	0.12406447		1.23	(1.07 - 1.40)	2.77E-03	0.014	0.918
rs9978557	21	42882462	Novel	x	-	C	T	0.902	0.948	0.998	0.947	1.09	(1.06 - 1.12)	4.09E-11	1.1	(1.07 - 1.13)	4.08E-12	1.02	(0.94 - 1.12)	0.62661064	NA	(NA - NA)	NA	0.94	(0.81 - 1.09)	0.43565129		1.2	(1.13 - 1.27)	4.78E-09	0.905	0.994
rs1978060	22	19749525	Known		Not replaced	G	A	0.615	0.758	0.441	0.496	1.05	(1.04 - 1.07)	4.14E-14	1.06	(1.04 - 1.07)	1.05E-11	1.02	(0.97 - 1.06)	0.514	1.08	(1.03 - 1.13)	0.0007311	1.06	(0.98 - 1.15)	0.1351		1.07	(1.03 - 1.10)	3.87E-04	0.613	0.968
rs9625483	22	28888939	Known		Not replaced	A	G	0.027	0.004	0.003	0.012	1.15	(1.10 - 1.20)	7.47E-10	1.15	(1.10 - 1.20)	3.66E-09	NA	(NA - NA)	NA	NA	(NA - NA)	NA	1.32	(1.01 - 1.71)	0.03938027		1.03	(0.91 - 1.16)	6.25E-01	0.019	0.984
rs17886163	22	29091147	Known		New lead variant	C	A	0	0.015	0	0.002	1.59	(1.37 - 1.85)	1.35E-09	NA	(NA - NA)	NA	1.59	(1.37 - 1.85)	1.35E-09	NA	(NA - NA)	NA	NA	(NA - NA)	NA		NA	NA	NA	0	NA
rs555607708	22	29091856	Known		Not replaced	A	AG	0.004	0.001	0	0.002	1.48	(1.29 - 1.69)	1.39E-08	1.48	(1.29 - 1.69)	1.39E-08	NA	(NA - NA)	NA	NA	(NA - NA)	NA	NA	(NA - NA)	NA		2.16	(1.42 - 3.28)	3.31E-04	0.002	0.551
rs138708	22	39138332	Known		Not replaced	G	A	0.98	0.993	0.867	0.986	1.16	(1.12 - 1.21)	2.50E-14	1.14	(1.08 - 1.21)	2.62E-06	1.41	(0.65 - 3.07)	0.3866	1.18	(1.11 - 1.24)	5.29E-09	1.33	(0.94 - 1.88)	0.1052		1.21	(1.06 - 1.37)	3.88E-03	0.98	1
rs34584683	22	40499107	Known		New lead variant	T	A	0.206	0.594	0.043	0.138	1.07	(1.05 - 1.09)	1.14E-16	1.07	(1.05 - 1.09)	3.13E-14	1.06	(1.02 - 1.11)	0.006319	1.04	(0.93 - 1.15)	0.5127	1.13	(1.01 - 1.25)	0.03087		1.04	(0.99 - 1.08)	8.75E-02	0.218	0.976
rs6003062	22	43499741	Novel	x	-	G	A	0.933	0.945	0.996	0.944	1.17	(1.13 - 1.20)	3.95E-23	1.17	(1.13 - 1.21)	3.78E-21	1.14	(1.03 - 1.26)	0.01180005	NA	(NA - NA)	NA	1.16	(0.97 - 1.37)	0.09541326		1.17	(1.08 - 1.26)	4.00E-05	0.931	1
rs5759167	22	43500212	Known		Not replaced	G	T	0.502	0.745	0.676	0.583	1.13	(1.11 - 1.14)	7.40E-65	1.13	(1.12 - 1.15)	5.79E-56	1.11	(1.06 - 1.17)	4.53E-05	1.09	(1.05 - 1.13)	1.09E-05	1.12	(1.04 - 1.21)	0.00352016		1.14	(1.10 - 1.18)	1.68E-13	0.502	1
rs9615099	22	45698149	Novel		-	T	A	0.745	0.395	0.57	0.655	1.04	(1.03 - 1.06)	1.47E-08	1.04	(1.02 - 1.06)	2.13E-05	1.05	(1.00 - 1.10)	0.03187	1.05	(1.01 - 1.10)	0.008121	1.09	(1.01 - 1.19)	0.03381		1.04	(1.00 - 1.08)	5.07E-02	0.746	0.99
rs960417	X	9811095	Known		Not replaced	A	G	0.713	0.782	0.781	0.875	1.05	(1.04 - 1.06)	1.08E-17	1.05	(1.03 - 1.06)	2.01E-14	1.11	(1.05 - 1.16)	7.38E-05	1.04	(1.00 - 1.08)	0.04507	1.02	(0.94 - 1.10)	0.6832		1.07	(1.05 - 1.10)	2.69E-07	0.734	0.985
rs17321482	X	11482634	Known		Not replaced	C	T	0.866	0.966	0.997	0.94	1.06	(1.04 - 1.08)	1.22E-12	1.06	(1.04 - 1.08)	1.94E-12	1.05	(0.96 - 1.14)	0.3046	NA	(NA - NA)	NULL	1.05	(0.93 - 1.18)	0.4491		1.04	(1.00 - 1.08)	3.35E-02	0.859	0.947
rs5972255	X	30896320	Novel		-	T	C	0.233	0.481	0.206	0.39	1.03	(1.02 - 1.04)	1.19E-08	1.03	(1.02 - 1.04)	6.12E-07	1.03	(0.99 - 1.07)	0.1888	1.04	(1.01 - 1.08)	0.02636	1.03	(0.98 - 1.09)	0.2449		1.07	(1.04 - 1.10)	1.51E-06	0.241	0.995
rs11338635	X	51245276	Known		Not replaced	GA	G	0.364	0.349	0.086	0.188	1.1	(1.09 - 1.11)	7.35E-85	1.11	(1.09 - 1.12)	5.99E-79	1.09	(1.06 - 1.12)	3.26E-08	1.13	(1.02 - 1.25)	0.0235	1.03	(0.97 - 1.10)	0.3675		1.08	(1.06 - 1.11)	1.15E-09	0.368	0.999
rs5943724	X	52695895	Known		Not replaced	G	A	0.629	0.778	0.578	0.806	1.05	(1.04 - 1.06)	3.66E-18	1.06	(1.04 - 1.07)	8.50E-21	1	(0.97 - 1.04)	0.8681	1	(0.97 - 1.04)	0.7977	1.04	(0.94 - 1.16)	0.4268		1	(0.98 - 1.03)	8.84E-01	0.657	0.997
rs4826594	X	54454406	Known		Not replaced	A	G	0.093	0.449	0.445	0.269	1.01	(0.99 - 1.03)	0.2973	0.99	(0.96 - 1.01)	0.1636	1	(0.95 - 1.05)	0.8981	1.06	(1.03 - 1.09)	0.0002071	1.02	(0.96 - 1.09)	0.5135		1.01	(0.96 - 1.06)	7.04E-01	0.077	0.932
rs5919393	X	66825357	Known		Not replaced	T	C	0.845	0.143	0.998	0.884	1.06	(1.05 - 1.07)	1.95E-16	1.06	(1.04 - 1.08)	7.64E-15	1.08	(1.02 - 1.14)	0.005062	2.31	(0.64 - 8.39)	0.2017	1.01	(0.93 - 1.10)	0.7852		1.08	(1.04 - 1.12)	2.05E-05	0.852	0.996
rs371707439	X	70139908	Known		New lead variant	A	G	0.257	0.118	0.006	0.131	1.05	(1.04 - 1.07)	1.01E-14	1.06	(1.04 - 1.07)	3.46E-15	1.02	(0.97 - 1.08)	0.4356	NA	(NA - NA)	NULL	0.99	(0.89 - 1.10)	0.891		1.07	(1.04 - 1.11)	3.05E-05	0.197	0.745