SNP	Chr	Position	Source	EffectAllele	Beta	Standard.Error
rs56391074	1	88210715	Novel	AT	0.047	0.0082
rs34579442	1	153899900	Novel	C	0.066	0.0087
rs62106670	2	8597123	Novel	T	0.052	0.009
rs74702681	2	66652885	Novel	T	0.159	0.0264
rs11691517	2	111893096	Novel	T	0.064	0.0091
rs34925593	2	174234547	Novel	C	0.047	0.0084
rs59308963	2	202123479	Novel	T	0.051	0.009
rs1283104	3	106962521	Novel	G	0.047	0.0082
rs182314334	3	152004202	Novel	T	0.089	0.0134
rs142436749	3	169093100	Novel	G	0.221	0.0378
rs10793821	5	133836209	Novel	T	0.053	0.008
rs76551843	5	169172133	Novel	A	0.271	0.048
rs4976790	5	177968915	Novel	T	0.074	0.0127
rs12665339	6	30601232	Novel	G	0.062	0.0106
rs9296068	6	32988695	Novel	T	0.048	0.0084
rs9469899	6	34793124	Novel	A	0.048	0.0083
rs4711748	6	43694598	Novel	T	0.052	0.0094
rs527510716	7	1944537	Novel	C	0.059	0.0107
rs11452686	7	20414110	Novel	T	0.05	0.0086
rs17621345	7	40875192	Novel	A	0.072	0.0095
rs1048169	9	19055965	Novel	C	0.061	0.0081
rs10122495	9	34049779	Novel	T	0.05	0.0088
rs1182	9	132576060	Novel	A	0.058	0.0095
rs141536087	10	854691	Novel	GCGCA	0.081	0.0113
rs1935581	10	90195149	Novel	C	0.048	0.0082
rs7094871	10	114712154	Novel	G	0.044	0.008
rs1881502	11	1507512	Novel	T	0.058	0.0101
rs61890184	11	7547587	Novel	A	0.071	0.0122
rs547171081	11	47421962	Novel	CGG	0.047	0.0085
rs2277283	11	61908440	Novel	C	0.056	0.0089
rs12785905	11	66951965	Novel	C	0.116	0.02
rs11290954	11	76260543	Novel	AC	0.061	0.0085
rs1800057	11	108143456	Novel	G	0.15	0.026
rs138466039	11	125054793	Novel	T	0.281	0.0418
rs878987	11	134266372	Novel	G	0.064	0.0117
rs2066827	12	12871099	Novel	T	0.056	0.0094
rs10845938	12	14416918	Novel	G	0.057	0.008
rs7968403	12	65012824	Novel	T	0.059	0.0085
rs5799921	12	90160530	Novel	GA	0.061	0.0089
rs7295014	12	133067989	Novel	G	0.052	0.0084
rs1004030	14	23305649	Novel	T	0.046	0.0082
rs11629412	14	37138294	Novel	C	0.057	0.0082
rs4924487	15	40922915	Novel	C	0.062	0.0109
rs33984059	15	56385868	Novel	A	0.176	0.0308
rs112293876	15	66764641	Novel	C	0.057	0.0091
rs11863709	16	57654576	Novel	C	0.148	0.022
rs201158093	16	82178893	Novel	TAA	0.049	0.0085
rs28441558	17	7803118	Novel	C	0.151	0.0182
rs142444269	17	30098749	Novel	C	0.067	0.0106
rs2680708	17	56456120	Novel	G	0.046	0.0082
rs8093601	18	51772473	Novel	C	0.045	0.0081
rs28607662	18	53230859	Novel	C	0.075	0.0134
rs12956892	18	56746315	Novel	T	0.05	0.0086
rs533722308	18	60961193	Novel	CT	0.052	0.0091
rs10460109	18	73036165	Novel	T	0.044	0.008
rs11666569	19	17214073	Novel	C	0.052	0.009
rs118005503	19	32167803	Novel	G	0.09	0.0156
rs61088131	19	42700947	Novel	T	0.062	0.0108
rs11480453	20	31347512	Novel	C	0.046	0.0084
rs6091758	20	52455205	Novel	G	0.072	0.0083
rs9625483	22	28888939	Novel	A	0.134	0.024
rs17321482	23	11482634	Novel	C	0.067	0.0091
rs17599629	1	150658287	Known	G	0.065	0.0096
rs1218582	1	154834183	Known	G	0.046	0.008
rs4245739	1	204518842	Known	A	0.092	0.0091
rs9287719	2	10710730	Known	C	0.066	0.0079
rs9306895	2	20878153	Known	C	0.077	0.0082
rs1465618	2	43553949	Known	T	0.083	0.0095
rs721048	2	63131731	Known	A	0.097	0.0101
rs10187424	2	85794297	Known	T	0.074	0.008
rs12621278	2	173311553	Known	A	0.242	0.0178
rs2292884	2	238443226	Known	G	0.061	0.0092
rs3771570	2	242382864	Known	T	0.084	0.0109
rs2660753	3	87110674	Known	T	0.12	0.0128
rs7611694	3	113275624	Known	A	0.083	0.008
rs10934853	3	128038373	Known	A	0.099	0.0087
rs6763931	3	141102833	Known	A	0.043	0.008
rs10936632	3	170130102	Known	A	0.097	0.008
rs10009409	4	73855253	Known	T	0.056	0.0089
rs1894292	4	74349158	Known	G	0.062	0.0079
rs12500426	4	95514609	Known	A	0.069	0.0079
rs17021918	4	95562877	Known	C	0.085	0.0083
rs7679673	4	106061534	Known	C	0.12	0.0081
rs2242652	5	1280028	Known	G	0.16	0.0105
rs12653946	5	1895829	Known	T	0.079	0.0082
rs2121875	5	44365545	Known	C	0.048	0.0085
rs4713266	6	11219030	Known	C	0.051	0.0079
rs7767188	6	30073776	Known	A	0.054	0.0097
rs3096702	6	32192331	Known	A	0.056	0.0082
rs3129859	6	32400939	Known	G	0.06	0.0085
rs1983891	6	41536427	Known	T	0.082	0.0088
rs9443189	6	76495882	Known	A	0.064	0.0116
rs2273669	6	109285189	Known	G	0.069	0.011
rs339331	6	117210052	Known	T	0.084	0.0087
rs1933488	6	153441079	Known	A	0.076	0.0081
rs9364554	6	160833664	Known	T	0.104	0.0087
rs12155172	7	20994491	Known	A	0.093	0.0094
rs10486567	7	27976563	Known	G	0.134	0.0094
rs56232506	7	47437244	Known	A	0.054	0.008
rs6465657	7	97816327	Known	C	0.101	0.0079
rs2928679	8	23438975	Known	A	0.053	0.008
rs1512268	8	23526463	Known	T	0.128	0.008
rs11135910	8	25892142	Known	T	0.078	0.011
rs12543663	8	127924659	Known	C	0.111	0.0086
rs10086908	8	128011937	Known	T	0.126	0.0087
rs183373024	8	128104117	Known	G	1.068	0.0396
rs16901979	8	128124916	Known	A	0.445	0.0204
rs620861	8	128335673	Known	G	0.139	0.0083
rs6983267	8	128413305	Known	G	0.2	0.0079
rs1447295	8	128485038	Known	A	0.345	0.0121
rs17694493	9	22041998	Known	G	0.073	0.0114
rs76934034	10	46082985	Known	T	0.115	0.0151
rs10993994	10	51549496	Known	T	0.208	0.008
rs3850699	10	104414221	Known	A	0.07	0.0087
rs4962416	10	126696872	Known	C	0.059	0.0089
rs7127900	11	2233574	Known	A	0.17	0.0098
rs7931342	11	68994497	Known	G	0.157	0.0079
rs11568818	11	102401661	Known	T	0.074	0.0082
rs11214775	11	113807181	Known	G	0.071	0.009
rs80130819	12	48419618	Known	A	0.096	0.0142
rs10875943	12	49676010	Known	C	0.069	0.0087
rs902774	12	53273904	Known	A	0.126	0.0108
rs1270884	12	114685571	Known	A	0.07	0.0079
rs8008270	14	53372330	Known	C	0.083	0.0103
rs7141529	14	69126744	Known	C	0.051	0.0079
rs8014671	14	71092256	Known	G	0.047	0.0083
rs684232	17	618965	Known	C	0.083	0.0082
rs11649743	17	36074979	Known	G	0.122	0.0102
rs4430796	17	36098040	Known	A	0.197	0.0081
rs138213197	17	46805705	Known	T	1.348	0.0806
rs11650494	17	47345186	Known	A	0.099	0.0145
rs1859962	17	69108753	Known	G	0.161	0.0079
rs7241993	18	76773973	Known	C	0.076	0.0087
rs8102476	19	38735613	Known	C	0.09	0.008
rs11672691	19	41985587	Known	G	0.092	0.0092
rs2735839	19	51364623	Known	G	0.167	0.0115
rs12480328	20	49527922	Known	T	0.107	0.0156
rs2427345	20	61015611	Known	C	0.045	0.0082
rs6062509	20	62362563	Known	T	0.078	0.0089
rs1041449	21	42901421	Known	G	0.051	0.0081
rs58133635	22	40471188	Known	T	0.068	0.0099
rs5759167	22	43500212	Known	G	0.142	0.008
rs2405942	23	9814135	Known	A	0.049	0.0069
rs5945619	23	51241672	Known	C	0.104	0.0057
rs2807031	23	52896949	Known	C	0.058	0.0072
rs5919432	23	67021550	Known	T	0.043	0.0071
rs6625711	23	70139850	Known	A	0.008	0.0082
